IP地址,数据中心,地区,城市,网络延迟
104.18.115.94,SJC,北美洲,圣何塞,124 ms
104.18.88.139,SJC,北美洲,圣何塞,124 ms
104.16.163.252,SJC,北美洲,圣何塞,124 ms
104.18.94.152,SJC,北美洲,圣何塞,124 ms
104.17.10.47,SJC,北美洲,圣何塞,124 ms
104.19.220.76,SJC,北美洲,圣何塞,124 ms
104.17.117.243,SJC,北美洲,圣何塞,124 ms
104.17.23.127,SJC,北美洲,圣何塞,124 ms
104.17.3.66,SJC,北美洲,圣何塞,124 ms
104.19.172.188,SJC,北美洲,圣何塞,124 ms
104.18.125.109,SJC,北美洲,圣何塞,124 ms
104.18.245.53,SJC,北美洲,圣何塞,124 ms
104.16.150.45,SJC,北美洲,圣何塞,124 ms
104.16.207.114,SJC,北美洲,圣何塞,124 ms
104.18.79.189,SJC,北美洲,圣何塞,124 ms
104.16.26.23,SJC,北美洲,圣何塞,124 ms
104.17.215.236,SJC,北美洲,圣何塞,124 ms
104.16.205.240,SJC,北美洲,圣何塞,124 ms
104.17.60.223,SJC,北美洲,圣何塞,124 ms
104.17.220.205,SJC,北美洲,圣何塞,124 ms
104.17.100.82,SJC,北美洲,圣何塞,124 ms
104.18.68.16,SJC,北美洲,圣何塞,124 ms
104.16.232.9,SJC,北美洲,圣何塞,124 ms
104.16.123.100,SJC,北美洲,圣何塞,124 ms
104.16.179.119,SJC,北美洲,圣何塞,124 ms
104.18.235.167,SJC,北美洲,圣何塞,124 ms
104.17.22.188,SJC,北美洲,圣何塞,124 ms
104.17.8.167,SJC,北美洲,圣何塞,124 ms
104.17.32.146,SJC,北美洲,圣何塞,124 ms
104.18.242.233,SJC,北美洲,圣何塞,124 ms
104.17.176.245,SJC,北美洲,圣何塞,124 ms
104.16.37.210,SJC,北美洲,圣何塞,124 ms
104.17.12.212,SJC,北美洲,圣何塞,124 ms
104.18.91.209,SJC,北美洲,圣何塞,125 ms
104.18.139.237,SJC,北美洲,圣何塞,125 ms
104.19.144.107,SJC,北美洲,圣何塞,125 ms
104.18.228.130,SJC,北美洲,圣何塞,125 ms
104.17.187.62,SJC,北美洲,圣何塞,125 ms
104.18.213.131,SJC,北美洲,圣何塞,125 ms
104.19.242.224,SJC,北美洲,圣何塞,125 ms
104.17.95.134,SJC,北美洲,圣何塞,125 ms
104.17.145.255,SJC,北美洲,圣何塞,125 ms
104.18.190.100,SJC,北美洲,圣何塞,125 ms
104.16.137.66,SJC,北美洲,圣何塞,125 ms
104.19.146.57,SJC,北美洲,圣何塞,125 ms
104.16.161.250,SJC,北美洲,圣何塞,125 ms
104.18.167.53,SJC,北美洲,圣何塞,125 ms
104.16.206.224,SJC,北美洲,圣何塞,125 ms
104.19.165.25,SJC,北美洲,圣何塞,125 ms
104.18.237.45,SJC,北美洲,圣何塞,125 ms
104.16.2.199,SJC,北美洲,圣何塞,125 ms
104.16.16.78,SJC,北美洲,圣何塞,125 ms
104.17.20.43,SJC,北美洲,圣何塞,125 ms
104.21.224.159,SJC,北美洲,圣何塞,125 ms
104.16.134.47,SJC,北美洲,圣何塞,125 ms
104.18.162.235,SJC,北美洲,圣何塞,125 ms
104.18.165.152,SJC,北美洲,圣何塞,125 ms
104.16.75.74,SJC,北美洲,圣何塞,125 ms
104.18.85.181,SJC,北美洲,圣何塞,125 ms
104.16.183.76,SJC,北美洲,圣何塞,125 ms
104.21.231.251,SJC,北美洲,圣何塞,125 ms
104.21.232.202,SJC,北美洲,圣何塞,125 ms
104.17.59.201,SJC,北美洲,圣何塞,125 ms
104.16.245.155,SJC,北美洲,圣何塞,125 ms
104.19.162.152,SJC,北美洲,圣何塞,125 ms
104.18.183.39,SJC,北美洲,圣何塞,125 ms
104.16.218.39,SJC,北美洲,圣何塞,125 ms
104.17.208.123,SJC,北美洲,圣何塞,125 ms
104.16.147.68,SJC,北美洲,圣何塞,125 ms
104.18.204.47,SJC,北美洲,圣何塞,125 ms
104.17.82.37,SJC,北美洲,圣何塞,125 ms
104.17.38.57,SJC,北美洲,圣何塞,125 ms
104.18.182.123,SJC,北美洲,圣何塞,125 ms
104.17.101.159,SJC,北美洲,圣何塞,125 ms
104.18.178.120,SJC,北美洲,圣何塞,125 ms
104.18.103.108,SJC,北美洲,圣何塞,125 ms
104.16.208.182,SJC,北美洲,圣何塞,125 ms
104.18.114.161,SJC,北美洲,圣何塞,125 ms
104.16.48.144,SJC,北美洲,圣何塞,125 ms
104.17.150.208,SJC,北美洲,圣何塞,125 ms
104.16.204.192,SJC,北美洲,圣何塞,125 ms
104.18.158.67,SJC,北美洲,圣何塞,125 ms
104.17.118.201,SJC,北美洲,圣何塞,125 ms
104.18.172.189,SJC,北美洲,圣何塞,125 ms
104.18.134.122,SJC,北美洲,圣何塞,125 ms
104.17.200.40,SJC,北美洲,圣何塞,125 ms
104.16.130.128,SJC,北美洲,圣何塞,125 ms
104.17.63.86,SJC,北美洲,圣何塞,125 ms
104.16.66.226,SJC,北美洲,圣何塞,125 ms
104.18.153.54,SJC,北美洲,圣何塞,125 ms
104.17.229.81,SJC,北美洲,圣何塞,125 ms
104.18.236.83,SJC,北美洲,圣何塞,125 ms
104.18.214.210,SJC,北美洲,圣何塞,125 ms
104.18.196.54,SJC,北美洲,圣何塞,125 ms
104.18.193.141,SJC,北美洲,圣何塞,125 ms
104.17.43.35,SJC,北美洲,圣何塞,125 ms
104.16.222.209,SJC,北美洲,圣何塞,125 ms
104.17.51.158,SJC,北美洲,圣何塞,125 ms
104.17.234.180,SJC,北美洲,圣何塞,125 ms
104.16.96.241,SJC,北美洲,圣何塞,125 ms
104.16.38.198,SJC,北美洲,圣何塞,125 ms
104.18.187.114,SJC,北美洲,圣何塞,125 ms
104.19.214.158,SJC,北美洲,圣何塞,125 ms
104.18.209.159,SJC,北美洲,圣何塞,125 ms
104.18.131.71,SJC,北美洲,圣何塞,125 ms
104.17.115.192,SJC,北美洲,圣何塞,125 ms
104.17.175.99,SJC,北美洲,圣何塞,125 ms
104.19.241.82,SJC,北美洲,圣何塞,125 ms
104.18.203.222,SJC,北美洲,圣何塞,125 ms
104.16.50.253,SJC,北美洲,圣何塞,125 ms
104.17.84.252,SJC,北美洲,圣何塞,125 ms
104.19.178.222,SJC,北美洲,圣何塞,125 ms
104.18.116.15,SJC,北美洲,圣何塞,125 ms
104.16.230.106,SJC,北美洲,圣何塞,125 ms
104.17.209.180,SJC,北美洲,圣何塞,125 ms
104.16.177.24,SJC,北美洲,圣何塞,125 ms
104.17.203.246,SJC,北美洲,圣何塞,125 ms
104.21.226.51,SJC,北美洲,圣何塞,125 ms
104.19.213.255,SJC,北美洲,圣何塞,125 ms
104.18.107.157,SJC,北美洲,圣何塞,126 ms
104.16.100.232,SJC,北美洲,圣何塞,126 ms
104.18.120.168,SJC,北美洲,圣何塞,126 ms
104.18.160.104,SJC,北美洲,圣何塞,126 ms
104.16.72.100,SJC,北美洲,圣何塞,126 ms
104.16.166.103,SJC,北美洲,圣何塞,126 ms
104.18.207.168,SJC,北美洲,圣何塞,126 ms
104.18.65.74,SJC,北美洲,圣何塞,126 ms
104.18.154.183,SJC,北美洲,圣何塞,126 ms
104.18.143.66,SJC,北美洲,圣何塞,126 ms
104.18.80.246,SJC,北美洲,圣何塞,126 ms
104.16.19.211,SJC,北美洲,圣何塞,126 ms
104.16.142.96,SJC,北美洲,圣何塞,126 ms
104.19.179.231,SJC,北美洲,圣何塞,126 ms
104.19.152.231,SJC,北美洲,圣何塞,126 ms
104.17.111.148,SJC,北美洲,圣何塞,126 ms
104.17.195.162,SJC,北美洲,圣何塞,126 ms
104.16.28.39,SJC,北美洲,圣何塞,126 ms
104.16.105.125,SJC,北美洲,圣何塞,126 ms
104.16.42.124,SJC,北美洲,圣何塞,126 ms
104.16.209.10,SJC,北美洲,圣何塞,126 ms
104.16.252.177,SJC,北美洲,圣何塞,126 ms
104.17.223.182,SJC,北美洲,圣何塞,126 ms
104.18.136.194,SJC,北美洲,圣何塞,126 ms
104.18.254.32,SJC,北美洲,圣何塞,126 ms
104.17.125.109,SJC,北美洲,圣何塞,126 ms
104.19.223.217,SJC,北美洲,圣何塞,126 ms
104.18.206.105,SJC,北美洲,圣何塞,126 ms
104.19.185.160,SJC,北美洲,圣何塞,126 ms
104.16.47.5,SJC,北美洲,圣何塞,126 ms
104.19.243.46,SJC,北美洲,圣何塞,126 ms
104.17.251.152,SJC,北美洲,圣何塞,126 ms
104.18.106.195,SJC,北美洲,圣何塞,126 ms
104.18.199.215,SJC,北美洲,圣何塞,126 ms
104.17.143.153,SJC,北美洲,圣何塞,126 ms
104.17.26.237,SJC,北美洲,圣何塞,126 ms
104.17.254.85,SJC,北美洲,圣何塞,126 ms
104.16.22.170,SJC,北美洲,圣何塞,126 ms
104.18.249.251,SJC,北美洲,圣何塞,126 ms
104.17.182.252,SJC,北美洲,圣何塞,126 ms
104.17.64.207,SJC,北美洲,圣何塞,126 ms
104.17.193.200,SJC,北美洲,圣何塞,126 ms
104.17.181.92,SJC,北美洲,圣何塞,126 ms
104.17.216.7,SJC,北美洲,圣何塞,126 ms
104.16.233.233,SJC,北美洲,圣何塞,126 ms
104.18.129.155,SJC,北美洲,圣何塞,126 ms
104.19.215.168,SJC,北美洲,圣何塞,126 ms
104.16.227.11,SJC,北美洲,圣何塞,126 ms
104.19.211.10,SJC,北美洲,圣何塞,126 ms
104.17.25.226,SJC,北美洲,圣何塞,126 ms
104.16.210.163,SJC,北美洲,圣何塞,126 ms
198.41.209.102,SJC,北美洲,圣何塞,126 ms
104.16.172.13,SJC,北美洲,圣何塞,126 ms
104.18.77.75,SJC,北美洲,圣何塞,126 ms
104.17.81.17,SJC,北美洲,圣何塞,126 ms
104.18.110.121,SJC,北美洲,圣何塞,126 ms
104.17.135.96,SJC,北美洲,圣何塞,126 ms
104.16.65.207,SJC,北美洲,圣何塞,126 ms
104.17.69.60,SJC,北美洲,圣何塞,126 ms
104.17.230.162,SJC,北美洲,圣何塞,126 ms
104.21.236.25,SJC,北美洲,圣何塞,126 ms
104.16.67.235,SJC,北美洲,圣何塞,126 ms
104.16.167.42,SJC,北美洲,圣何塞,126 ms
104.19.231.143,SJC,北美洲,圣何塞,126 ms
104.19.149.223,SJC,北美洲,圣何塞,126 ms
104.18.221.106,SJC,北美洲,圣何塞,126 ms
104.18.102.216,SJC,北美洲,圣何塞,126 ms
104.16.195.234,SJC,北美洲,圣何塞,127 ms
104.17.169.223,SJC,北美洲,圣何塞,127 ms
104.19.177.141,SJC,北美洲,圣何塞,127 ms
104.17.134.161,SJC,北美洲,圣何塞,127 ms
104.17.0.185,SJC,北美洲,圣何塞,127 ms
104.17.55.231,SJC,北美洲,圣何塞,127 ms
104.18.191.211,SJC,北美洲,圣何塞,127 ms
104.17.245.224,SJC,北美洲,圣何塞,127 ms
104.17.44.52,SJC,北美洲,圣何塞,127 ms
104.16.174.252,SJC,北美洲,圣何塞,127 ms
104.19.168.244,SJC,北美洲,圣何塞,127 ms
104.18.241.250,SJC,北美洲,圣何塞,127 ms
104.18.64.132,SJC,北美洲,圣何塞,127 ms
104.17.48.22,SJC,北美洲,圣何塞,127 ms
104.17.177.205,SJC,北美洲,圣何塞,127 ms
104.17.98.251,SJC,北美洲,圣何塞,128 ms
104.16.168.27,SJC,北美洲,圣何塞,128 ms
104.16.148.183,SJC,北美洲,圣何塞,128 ms
104.16.31.153,SJC,北美洲,圣何塞,128 ms
104.19.191.14,SJC,北美洲,圣何塞,129 ms
104.18.157.142,SJC,北美洲,圣何塞,129 ms
104.16.89.71,SJC,北美洲,圣何塞,129 ms
104.18.75.21,SJC,北美洲,圣何塞,129 ms
104.17.6.116,SJC,北美洲,圣何塞,129 ms
104.16.41.48,SJC,北美洲,圣何塞,129 ms
104.17.130.72,SJC,北美洲,圣何塞,129 ms
104.18.226.60,SJC,北美洲,圣何塞,129 ms
104.17.186.220,SJC,北美洲,圣何塞,130 ms
104.17.213.112,SJC,北美洲,圣何塞,130 ms
104.16.242.90,SJC,北美洲,圣何塞,130 ms
104.17.231.221,SJC,北美洲,圣何塞,130 ms
104.16.36.140,SJC,北美洲,圣何塞,130 ms
104.16.187.114,SJC,北美洲,圣何塞,130 ms
104.18.179.16,SJC,北美洲,圣何塞,130 ms
104.18.205.91,SJC,北美洲,圣何塞,130 ms
104.16.239.124,SJC,北美洲,圣何塞,130 ms
104.17.16.44,SJC,北美洲,圣何塞,130 ms
104.18.100.203,SJC,北美洲,圣何塞,130 ms
104.18.96.35,SJC,北美洲,圣何塞,130 ms
104.18.147.237,SJC,北美洲,圣何塞,130 ms
104.16.180.241,SJC,北美洲,圣何塞,130 ms
104.17.197.209,SJC,北美洲,圣何塞,130 ms
104.18.140.162,SJC,北美洲,圣何塞,130 ms
104.16.117.172,SJC,北美洲,圣何塞,130 ms
104.19.255.130,SJC,北美洲,圣何塞,130 ms
104.16.9.121,SJC,北美洲,圣何塞,130 ms
104.19.237.90,SJC,北美洲,圣何塞,130 ms
104.16.77.59,SJC,北美洲,圣何塞,130 ms
104.16.111.233,SJC,北美洲,圣何塞,130 ms
104.17.68.241,SJC,北美洲,圣何塞,130 ms
104.16.253.200,SJC,北美洲,圣何塞,130 ms
104.17.2.29,SJC,北美洲,圣何塞,130 ms
104.16.93.109,SJC,北美洲,圣何塞,130 ms
104.17.31.12,SJC,北美洲,圣何塞,130 ms
104.18.215.20,SJC,北美洲,圣何塞,130 ms
104.18.84.223,SJC,北美洲,圣何塞,130 ms
104.17.104.10,SJC,北美洲,圣何塞,130 ms
104.18.151.229,SJC,北美洲,圣何塞,130 ms
104.16.46.53,SJC,北美洲,圣何塞,130 ms
104.17.88.14,SJC,北美洲,圣何塞,130 ms
104.17.246.150,SJC,北美洲,圣何塞,130 ms
104.16.56.68,SJC,北美洲,圣何塞,130 ms
104.17.33.101,SJC,北美洲,圣何塞,130 ms
104.19.171.206,SJC,北美洲,圣何塞,130 ms
104.17.198.17,SJC,北美洲,圣何塞,130 ms
104.19.167.17,SJC,北美洲,圣何塞,130 ms
104.16.213.148,SJC,北美洲,圣何塞,130 ms
104.18.159.92,SJC,北美洲,圣何塞,130 ms
104.19.181.235,SJC,北美洲,圣何塞,130 ms
104.17.113.74,SJC,北美洲,圣何塞,130 ms
104.17.141.117,SJC,北美洲,圣何塞,130 ms
104.16.43.18,SJC,北美洲,圣何塞,130 ms
104.18.175.116,SJC,北美洲,圣何塞,130 ms
104.18.216.176,SJC,北美洲,圣何塞,130 ms
104.17.243.50,SJC,北美洲,圣何塞,130 ms
104.16.55.209,SJC,北美洲,圣何塞,130 ms
104.17.185.89,SJC,北美洲,圣何塞,130 ms
104.19.147.71,SJC,北美洲,圣何塞,131 ms
198.41.208.8,SJC,北美洲,圣何塞,131 ms
104.19.235.5,SJC,北美洲,圣何塞,131 ms
104.17.70.27,SJC,北美洲,圣何塞,131 ms
104.17.146.116,SJC,北美洲,圣何塞,131 ms
104.19.186.157,SJC,北美洲,圣何塞,131 ms
104.17.171.40,SJC,北美洲,圣何塞,131 ms
104.16.49.39,SJC,北美洲,圣何塞,131 ms
104.16.248.254,SJC,北美洲,圣何塞,131 ms
104.17.40.213,SJC,北美洲,圣何塞,131 ms
104.16.35.223,SJC,北美洲,圣何塞,131 ms
104.18.169.203,SJC,北美洲,圣何塞,131 ms
104.18.252.27,SJC,北美洲,圣何塞,131 ms
104.16.153.48,SJC,北美洲,圣何塞,131 ms
104.17.157.49,SJC,北美洲,圣何塞,131 ms
104.17.41.3,SJC,北美洲,圣何塞,131 ms
104.19.151.45,SJC,北美洲,圣何塞,131 ms
104.17.214.89,SJC,北美洲,圣何塞,131 ms
104.17.226.32,SJC,北美洲,圣何塞,131 ms
104.17.131.186,SJC,北美洲,圣何塞,131 ms
104.18.148.253,SJC,北美洲,圣何塞,131 ms
104.18.238.68,SJC,北美洲,圣何塞,131 ms
104.17.62.30,SJC,北美洲,圣何塞,131 ms
104.18.138.20,SJC,北美洲,圣何塞,131 ms
104.17.107.205,SJC,北美洲,圣何塞,131 ms
104.18.194.91,SJC,北美洲,圣何塞,131 ms
104.16.110.255,SJC,北美洲,圣何塞,131 ms
104.18.112.59,SJC,北美洲,圣何塞,131 ms
104.17.14.207,SJC,北美洲,圣何塞,131 ms
104.17.194.148,SJC,北美洲,圣何塞,131 ms
104.16.21.64,SJC,北美洲,圣何塞,131 ms
104.19.230.227,SJC,北美洲,圣何塞,131 ms
104.17.105.229,SJC,北美洲,圣何塞,131 ms
104.16.116.188,SJC,北美洲,圣何塞,131 ms
104.16.151.255,SJC,北美洲,圣何塞,131 ms
104.16.101.51,SJC,北美洲,圣何塞,131 ms
141.101.115.212,SJC,北美洲,圣何塞,132 ms
104.18.119.216,SJC,北美洲,圣何塞,132 ms
104.17.71.82,SJC,北美洲,圣何塞,132 ms
104.17.148.241,SJC,北美洲,圣何塞,132 ms
104.18.90.91,SJC,北美洲,圣何塞,132 ms
104.17.17.128,SJC,北美洲,圣何塞,132 ms
104.16.236.199,SJC,北美洲,圣何塞,132 ms
104.18.124.235,SJC,北美洲,圣何塞,132 ms
104.16.4.233,SJC,北美洲,圣何塞,132 ms
104.18.101.135,SJC,北美洲,圣何塞,132 ms
104.16.128.33,SJC,北美洲,圣何塞,132 ms
104.17.212.55,SJC,北美洲,圣何塞,132 ms
104.18.67.191,SJC,北美洲,圣何塞,132 ms
104.17.11.220,SJC,北美洲,圣何塞,132 ms
104.16.237.181,SJC,北美洲,圣何塞,132 ms
104.16.169.20,SJC,北美洲,圣何塞,132 ms
190.93.247.18,SJC,北美洲,圣何塞,132 ms
104.16.160.210,SJC,北美洲,圣何塞,132 ms
104.17.7.47,SJC,北美洲,圣何塞,132 ms
104.17.103.253,SJC,北美洲,圣何塞,132 ms
104.19.153.178,SJC,北美洲,圣何塞,132 ms
104.18.211.81,SJC,北美洲,圣何塞,132 ms
104.16.186.157,SJC,北美洲,圣何塞,133 ms
104.16.108.2,SJC,北美洲,圣何塞,133 ms
104.17.192.7,SJC,北美洲,圣何塞,133 ms
104.16.196.229,SJC,北美洲,圣何塞,133 ms
104.18.248.13,SJC,北美洲,圣何塞,133 ms
104.16.86.228,SJC,北美洲,圣何塞,133 ms
104.19.145.176,SJC,北美洲,圣何塞,133 ms
104.18.200.126,SJC,北美洲,圣何塞,133 ms
104.17.79.9,SJC,北美洲,圣何塞,133 ms
104.16.10.92,SJC,北美洲,圣何塞,133 ms
104.19.240.122,SJC,北美洲,圣何塞,133 ms
104.18.145.108,SJC,北美洲,圣何塞,133 ms
104.16.103.237,SJC,北美洲,圣何塞,133 ms
104.17.142.195,SJC,北美洲,圣何塞,133 ms
104.17.179.2,SJC,北美洲,圣何塞,133 ms
104.18.177.29,SJC,北美洲,圣何塞,133 ms
104.19.209.164,SJC,北美洲,圣何塞,133 ms
104.17.54.76,SJC,北美洲,圣何塞,133 ms
104.16.221.245,SJC,北美洲,圣何塞,133 ms
104.17.39.19,SJC,北美洲,圣何塞,133 ms
104.19.217.162,SJC,北美洲,圣何塞,133 ms
104.19.216.217,SJC,北美洲,圣何塞,133 ms
104.17.147.228,SJC,北美洲,圣何塞,133 ms
104.17.232.222,SJC,北美洲,圣何塞,133 ms
104.18.92.239,SJC,北美洲,圣何塞,133 ms
104.16.91.201,SJC,北美洲,圣何塞,133 ms
104.16.29.30,SJC,北美洲,圣何塞,133 ms
104.17.21.48,SJC,北美洲,圣何塞,133 ms
104.16.225.46,SJC,北美洲,圣何塞,133 ms
104.16.131.136,SJC,北美洲,圣何塞,133 ms
104.16.158.85,SJC,北美洲,圣何塞,133 ms
104.16.216.228,SJC,北美洲,圣何塞,133 ms
104.16.140.175,SJC,北美洲,圣何塞,133 ms
104.17.221.126,SJC,北美洲,圣何塞,133 ms
104.17.202.49,SJC,北美洲,圣何塞,133 ms
104.18.171.76,SJC,北美洲,圣何塞,133 ms
104.18.176.240,SJC,北美洲,圣何塞,133 ms
104.16.68.175,SJC,北美洲,圣何塞,133 ms
104.16.85.42,SJC,北美洲,圣何塞,133 ms
104.18.76.214,SJC,北美洲,圣何塞,133 ms
104.17.67.44,SJC,北美洲,圣何塞,133 ms
104.16.70.166,SJC,北美洲,圣何塞,133 ms
104.19.156.63,SJC,北美洲,圣何塞,133 ms
104.17.210.56,SJC,北美洲,圣何塞,133 ms
104.17.92.93,SJC,北美洲,圣何塞,133 ms
104.19.236.160,SJC,北美洲,圣何塞,133 ms
104.18.240.43,SJC,北美洲,圣何塞,133 ms
104.16.235.127,SJC,北美洲,圣何塞,134 ms
104.18.146.82,SJC,北美洲,圣何塞,134 ms
104.16.149.248,SJC,北美洲,圣何塞,134 ms
104.18.229.102,SJC,北美洲,圣何塞,134 ms
104.17.238.138,SJC,北美洲,圣何塞,134 ms
104.16.185.71,SJC,北美洲,圣何塞,134 ms
104.17.225.164,SJC,北美洲,圣何塞,134 ms
104.17.237.161,SJC,北美洲,圣何塞,134 ms
104.19.249.192,SJC,北美洲,圣何塞,134 ms
104.19.250.20,SJC,北美洲,圣何塞,134 ms
104.19.184.204,SJC,北美洲,圣何塞,134 ms
104.16.255.194,SJC,北美洲,圣何塞,134 ms
104.21.225.90,SJC,北美洲,圣何塞,134 ms
104.17.154.145,SJC,北美洲,圣何塞,134 ms
104.17.126.178,SJC,北美洲,圣何塞,134 ms
104.17.83.25,SJC,北美洲,圣何塞,134 ms
104.16.246.69,SJC,北美洲,圣何塞,134 ms
104.16.251.107,SJC,北美洲,圣何塞,134 ms
104.17.80.211,SJC,北美洲,圣何塞,134 ms
104.17.128.111,SJC,北美洲,圣何塞,134 ms
104.17.56.179,SJC,北美洲,圣何塞,134 ms
104.17.94.212,SJC,北美洲,圣何塞,134 ms
104.17.155.130,SJC,北美洲,圣何塞,134 ms
172.64.79.185,SJC,北美洲,圣何塞,134 ms
104.17.207.246,SJC,北美洲,圣何塞,134 ms
104.16.52.164,SJC,北美洲,圣何塞,134 ms
104.18.188.150,SJC,北美洲,圣何塞,134 ms
104.17.132.220,SJC,北美洲,圣何塞,135 ms
104.17.201.194,SJC,北美洲,圣何塞,135 ms
104.17.49.178,SJC,北美洲,圣何塞,135 ms
104.17.47.53,SJC,北美洲,圣何塞,135 ms
104.16.171.2,SJC,北美洲,圣何塞,135 ms
104.16.240.99,SJC,北美洲,圣何塞,135 ms
190.93.246.151,SJC,北美洲,圣何塞,135 ms
104.16.6.138,SJC,北美洲,圣何塞,135 ms
104.16.99.142,SJC,北美洲,圣何塞,135 ms
104.17.108.168,SJC,北美洲,圣何塞,135 ms
104.16.7.64,SJC,北美洲,圣何塞,135 ms
104.18.93.253,SJC,北美洲,圣何塞,135 ms
104.16.212.28,SJC,北美洲,圣何塞,135 ms
104.16.45.61,SJC,北美洲,圣何塞,135 ms
104.18.219.42,SJC,北美洲,圣何塞,135 ms
104.17.205.196,SJC,北美洲,圣何塞,136 ms
104.18.141.68,SJC,北美洲,圣何塞,136 ms
104.17.122.36,SJC,北美洲,圣何塞,136 ms
104.17.53.118,SJC,北美洲,圣何塞,136 ms
104.19.164.42,SJC,北美洲,圣何塞,136 ms
104.16.170.172,SJC,北美洲,圣何塞,136 ms
104.16.113.200,SJC,北美洲,圣何塞,136 ms
104.18.78.99,SJC,北美洲,圣何塞,136 ms
104.19.212.66,SJC,北美洲,圣何塞,136 ms
104.16.27.212,SJC,北美洲,圣何塞,137 ms
104.16.165.25,SJC,北美洲,圣何塞,138 ms
104.16.217.66,SJC,北美洲,圣何塞,138 ms
104.18.98.235,SJC,北美洲,圣何塞,138 ms
104.18.220.150,SJC,北美洲,圣何塞,138 ms
104.17.244.173,SJC,北美洲,圣何塞,138 ms
104.17.219.32,SJC,北美洲,圣何塞,138 ms
104.18.144.184,SJC,北美洲,圣何塞,138 ms
104.16.144.230,SJC,北美洲,圣何塞,138 ms
104.16.102.135,SJC,北美洲,圣何塞,138 ms
104.17.1.63,SJC,北美洲,圣何塞,138 ms
104.18.166.93,SJC,北美洲,圣何塞,138 ms
198.41.219.210,SJC,北美洲,圣何塞,138 ms
104.16.132.77,SJC,北美洲,圣何塞,138 ms
104.18.234.151,SJC,北美洲,圣何塞,138 ms
104.18.121.34,SJC,北美洲,圣何塞,139 ms
104.21.233.237,SJC,北美洲,圣何塞,139 ms
104.18.70.59,SJC,北美洲,圣何塞,139 ms
104.17.121.1,SJC,北美洲,圣何塞,139 ms
104.17.102.188,SJC,北美洲,圣何塞,139 ms
104.17.87.65,SJC,北美洲,圣何塞,139 ms
104.18.83.128,SJC,北美洲,圣何塞,139 ms
104.18.201.255,SJC,北美洲,圣何塞,139 ms
104.18.195.78,SJC,北美洲,圣何塞,139 ms
104.17.9.253,SJC,北美洲,圣何塞,139 ms
104.16.199.208,SJC,北美洲,圣何塞,139 ms
104.16.109.240,SJC,北美洲,圣何塞,139 ms
104.19.246.64,SJC,北美洲,圣何塞,139 ms
104.18.155.60,SJC,北美洲,圣何塞,139 ms
104.16.32.85,SJC,北美洲,圣何塞,139 ms
104.18.233.146,SJC,北美洲,圣何塞,140 ms
104.17.159.30,SJC,北美洲,圣何塞,140 ms
104.18.244.190,SJC,北美洲,圣何塞,140 ms
104.17.24.182,SJC,北美洲,圣何塞,140 ms
104.16.197.45,SJC,北美洲,圣何塞,141 ms
104.16.173.50,SJC,北美洲,圣何塞,141 ms
104.21.230.215,SJC,北美洲,圣何塞,141 ms
104.16.141.51,SJC,北美洲,圣何塞,141 ms
104.16.157.187,SJC,北美洲,圣何塞,141 ms
104.16.119.1,SJC,北美洲,圣何塞,141 ms
104.16.39.134,SJC,北美洲,圣何塞,141 ms
104.16.60.138,SJC,北美洲,圣何塞,141 ms
104.19.176.110,SJC,北美洲,圣何塞,141 ms
104.16.139.144,SJC,北美洲,圣何塞,141 ms
104.17.228.8,SJC,北美洲,圣何塞,141 ms
104.16.14.51,SJC,北美洲,圣何塞,141 ms
104.19.175.23,SJC,北美洲,圣何塞,141 ms
104.17.123.100,SJC,北美洲,圣何塞,141 ms
104.18.66.83,SJC,北美洲,圣何塞,141 ms
104.17.172.87,SJC,北美洲,圣何塞,141 ms
104.19.182.217,SJC,北美洲,圣何塞,141 ms
104.17.140.223,SJC,北美洲,圣何塞,141 ms
104.16.226.181,SJC,北美洲,圣何塞,141 ms
104.19.150.94,SJC,北美洲,圣何塞,141 ms
104.18.69.96,SJC,北美洲,圣何塞,141 ms
104.18.74.100,SJC,北美洲,圣何塞,141 ms
104.17.249.16,SJC,北美洲,圣何塞,141 ms
104.16.135.164,SJC,北美洲,圣何塞,141 ms
104.16.8.44,SJC,北美洲,圣何塞,141 ms
104.17.188.91,SJC,北美洲,圣何塞,141 ms
104.19.188.102,SJC,北美洲,圣何塞,141 ms
104.18.197.11,SJC,北美洲,圣何塞,141 ms
104.18.173.156,SJC,北美洲,圣何塞,141 ms
104.19.238.4,SJC,北美洲,圣何塞,141 ms
104.18.89.221,SJC,北美洲,圣何塞,141 ms
104.18.180.140,SJC,北美洲,圣何塞,141 ms
104.16.88.91,SJC,北美洲,圣何塞,141 ms
104.17.66.157,SJC,北美洲,圣何塞,141 ms
104.17.196.92,SJC,北美洲,圣何塞,142 ms
104.17.235.96,SJC,北美洲,圣何塞,142 ms
104.17.204.195,SJC,北美洲,圣何塞,142 ms
104.17.65.218,SJC,北美洲,圣何塞,142 ms
104.17.35.201,SJC,北美洲,圣何塞,142 ms
104.18.81.103,SJC,北美洲,圣何塞,142 ms
104.17.127.144,SJC,北美洲,圣何塞,142 ms
104.19.148.189,SJC,北美洲,圣何塞,142 ms
104.16.59.109,SJC,北美洲,圣何塞,142 ms
104.18.210.10,SJC,北美洲,圣何塞,142 ms
104.18.181.101,SJC,北美洲,圣何塞,142 ms
104.18.227.134,SJC,北美洲,圣何塞,142 ms
104.21.238.137,SJC,北美洲,圣何塞,142 ms
104.17.211.114,SJC,北美洲,圣何塞,142 ms
104.17.153.97,SJC,北美洲,圣何塞,142 ms
104.16.121.101,SJC,北美洲,圣何塞,142 ms
104.19.221.225,SJC,北美洲,圣何塞,142 ms
104.16.192.54,SJC,北美洲,圣何塞,142 ms
104.16.73.95,SJC,北美洲,圣何塞,142 ms
104.17.191.19,SJC,北美洲,圣何塞,142 ms
104.17.73.14,SJC,北美洲,圣何塞,142 ms
104.18.142.115,SJC,北美洲,圣何塞,142 ms
104.18.111.35,SJC,北美洲,圣何塞,142 ms
104.18.71.87,SJC,北美洲,圣何塞,142 ms
104.16.83.24,SJC,北美洲,圣何塞,142 ms
104.18.149.77,SJC,北美洲,圣何塞,142 ms
104.16.125.160,SJC,北美洲,圣何塞,142 ms
104.17.239.194,SJC,北美洲,圣何塞,142 ms
104.18.243.216,SJC,北美洲,圣何塞,142 ms
104.16.234.170,SJC,北美洲,圣何塞,142 ms
104.17.72.197,SJC,北美洲,圣何塞,142 ms
104.19.229.240,SJC,北美洲,圣何塞,142 ms
104.17.28.24,SJC,北美洲,圣何塞,142 ms
104.17.52.30,SJC,北美洲,圣何塞,142 ms
104.16.133.16,SJC,北美洲,圣何塞,142 ms
104.18.198.73,SJC,北美洲,圣何塞,142 ms
104.17.4.214,SJC,北美洲,圣何塞,142 ms
104.17.116.175,SJC,北美洲,圣何塞,142 ms
104.16.30.197,SJC,北美洲,圣何塞,142 ms
103.11.212.113,SJC,北美洲,圣何塞,142 ms
104.16.129.231,SJC,北美洲,圣何塞,142 ms
104.18.97.155,SJC,北美洲,圣何塞,142 ms
104.16.23.9,SJC,北美洲,圣何塞,142 ms
104.18.231.60,SJC,北美洲,圣何塞,142 ms
104.16.176.60,SJC,北美洲,圣何塞,142 ms
104.18.87.196,SJC,北美洲,圣何塞,142 ms
104.17.168.249,SJC,北美洲,圣何塞,142 ms
104.16.71.140,SJC,北美洲,圣何塞,142 ms
104.16.115.65,SJC,北美洲,圣何塞,142 ms
162.159.237.229,SJC,北美洲,圣何塞,142 ms
104.17.242.42,SJC,北美洲,圣何塞,142 ms
104.16.90.159,SJC,北美洲,圣何塞,142 ms
104.17.27.140,SJC,北美洲,圣何塞,142 ms
104.18.223.123,SJC,北美洲,圣何塞,142 ms
104.18.230.21,SJC,北美洲,圣何塞,142 ms
104.17.173.185,SJC,北美洲,圣何塞,142 ms
104.16.184.182,SJC,北美洲,圣何塞,142 ms
104.18.255.92,SJC,北美洲,圣何塞,142 ms
104.16.53.66,SJC,北美洲,圣何塞,142 ms
104.16.34.175,SJC,北美洲,圣何塞,142 ms
104.18.133.118,SJC,北美洲,圣何塞,142 ms
104.17.96.203,SJC,北美洲,圣何塞,142 ms
104.17.114.186,SJC,北美洲,圣何塞,142 ms
104.17.217.7,SJC,北美洲,圣何塞,143 ms
104.18.73.151,SJC,北美洲,圣何塞,143 ms
104.17.255.247,SJC,北美洲,圣何塞,143 ms
104.16.201.9,SJC,北美洲,圣何塞,143 ms
104.16.241.63,SJC,北美洲,圣何塞,143 ms
104.18.72.46,SJC,北美洲,圣何塞,143 ms
104.16.138.139,SJC,北美洲,圣何塞,143 ms
104.17.222.223,SJC,北美洲,圣何塞,143 ms
104.17.86.63,SJC,北美洲,圣何塞,143 ms
104.18.189.91,SJC,北美洲,圣何塞,143 ms
104.16.18.245,SJC,北美洲,圣何塞,143 ms
104.21.228.67,SJC,北美洲,圣何塞,143 ms
104.18.163.35,SJC,北美洲,圣何塞,143 ms
104.16.12.54,SJC,北美洲,圣何塞,143 ms
104.17.164.129,SJC,北美洲,圣何塞,143 ms
104.19.180.187,SJC,北美洲,圣何塞,143 ms
104.16.249.232,SJC,北美洲,圣何塞,143 ms
104.17.199.74,SJC,北美洲,圣何塞,143 ms
104.18.130.41,SJC,北美洲,圣何塞,143 ms
104.16.114.151,SJC,北美洲,圣何塞,144 ms
104.18.126.136,SJC,北美洲,圣何塞,144 ms
104.17.167.239,SJC,北美洲,圣何塞,144 ms
104.18.104.186,SJC,北美洲,圣何塞,144 ms
104.16.152.228,SJC,北美洲,圣何塞,144 ms
104.17.57.124,SJC,北美洲,圣何塞,145 ms
104.18.105.107,SJC,北美洲,圣何塞,146 ms
104.17.137.73,SJC,北美洲,圣何塞,146 ms
104.16.146.62,SJC,北美洲,圣何塞,146 ms
104.16.64.152,SJC,北美洲,圣何塞,146 ms
104.21.239.28,SJC,北美洲,圣何塞,147 ms
104.18.202.115,SJC,北美洲,圣何塞,147 ms
104.16.92.145,SJC,北美洲,圣何塞,147 ms
104.17.241.138,SJC,北美洲,圣何塞,147 ms
104.18.250.147,SJC,北美洲,圣何塞,147 ms
104.16.203.250,SJC,北美洲,圣何塞,147 ms
104.17.206.89,SJC,北美洲,圣何塞,147 ms
104.16.124.248,SJC,北美洲,圣何塞,147 ms
104.16.98.151,SJC,北美洲,圣何塞,147 ms
104.17.120.94,SJC,北美洲,圣何塞,147 ms
104.16.215.31,SJC,北美洲,圣何塞,147 ms
104.16.181.247,SJC,北美洲,圣何塞,147 ms
104.16.155.215,SJC,北美洲,圣何塞,147 ms
104.16.57.93,SJC,北美洲,圣何塞,147 ms
104.17.166.204,SJC,北美洲,圣何塞,147 ms
104.16.40.161,SJC,北美洲,圣何塞,147 ms
104.19.239.244,SJC,北美洲,圣何塞,147 ms
104.17.78.59,SJC,北美洲,圣何塞,147 ms
104.17.85.151,SJC,北美洲,圣何塞,147 ms
104.16.189.202,SJC,北美洲,圣何塞,147 ms
104.19.252.216,SJC,北美洲,圣何塞,148 ms
104.18.95.169,SJC,北美洲,圣何塞,148 ms
104.18.170.172,SJC,北美洲,圣何塞,148 ms
104.17.160.61,SJC,北美洲,圣何塞,149 ms
104.18.184.55,SJC,北美洲,圣何塞,149 ms
104.18.113.193,SJC,北美洲,圣何塞,149 ms
104.17.42.21,SJC,北美洲,圣何塞,149 ms
104.19.170.189,SJC,北美洲,圣何塞,149 ms
104.17.253.226,SJC,北美洲,圣何塞,149 ms
104.16.15.95,SJC,北美洲,圣何塞,149 ms
104.17.247.82,SJC,北美洲,圣何塞,150 ms
190.93.245.23,SJC,北美洲,圣何塞,150 ms
104.18.123.49,SJC,北美洲,圣何塞,150 ms
104.17.77.127,SJC,北美洲,圣何塞,150 ms
104.18.168.57,SJC,北美洲,圣何塞,150 ms
104.21.235.1,SJC,北美洲,圣何塞,150 ms
104.16.194.45,SJC,北美洲,圣何塞,150 ms
104.16.76.186,SJC,北美洲,圣何塞,150 ms
104.18.99.14,SJC,北美洲,圣何塞,150 ms
104.16.5.178,SJC,北美洲,圣何塞,150 ms
104.16.244.149,SJC,北美洲,圣何塞,150 ms
104.19.210.77,SJC,北美洲,圣何塞,150 ms
104.17.5.91,SJC,北美洲,圣何塞,150 ms
104.16.112.131,SJC,北美洲,圣何塞,150 ms
104.17.218.247,SJC,北美洲,圣何塞,150 ms
104.16.80.7,SJC,北美洲,圣何塞,150 ms
104.19.254.76,SJC,北美洲,圣何塞,150 ms
104.16.254.208,SJC,北美洲,圣何塞,150 ms
104.19.158.154,SJC,北美洲,圣何塞,150 ms
104.16.224.182,SJC,北美洲,圣何塞,151 ms
162.159.234.37,DEN,北美洲,丹佛,153 ms
172.64.228.205,DEN,北美洲,丹佛,154 ms
104.17.36.174,SJC,北美洲,圣何塞,154 ms
104.16.156.132,SJC,北美洲,圣何塞,155 ms
104.17.250.157,SJC,北美洲,圣何塞,155 ms
104.17.227.197,SJC,北美洲,圣何塞,155 ms
104.17.133.122,SJC,北美洲,圣何塞,155 ms
104.18.192.233,SJC,北美洲,圣何塞,155 ms
104.17.45.91,SJC,北美洲,圣何塞,155 ms
104.18.218.38,SJC,北美洲,圣何塞,155 ms
104.16.122.135,SJC,北美洲,圣何塞,155 ms
104.17.189.128,SJC,北美洲,圣何塞,155 ms
104.16.82.224,SJC,北美洲,圣何塞,155 ms
104.19.253.193,SJC,北美洲,圣何塞,155 ms
104.16.136.226,SJC,北美洲,圣何塞,155 ms
104.16.13.12,SJC,北美洲,圣何塞,155 ms
104.16.25.171,SJC,北美洲,圣何塞,155 ms
104.17.240.13,SJC,北美洲,圣何塞,156 ms
104.16.44.201,SJC,北美洲,圣何塞,156 ms
104.17.110.98,SJC,北美洲,圣何塞,156 ms
104.16.69.198,SJC,北美洲,圣何塞,156 ms
104.19.159.67,SJC,北美洲,圣何塞,156 ms
104.17.93.26,SJC,北美洲,圣何塞,156 ms
104.16.178.188,SJC,北美洲,圣何塞,156 ms
104.18.225.251,SJC,北美洲,圣何塞,156 ms
104.17.184.6,SJC,北美洲,圣何塞,156 ms
104.16.164.102,SJC,北美洲,圣何塞,156 ms
104.18.86.57,SJC,北美洲,圣何塞,156 ms
104.17.46.219,SJC,北美洲,圣何塞,156 ms
104.16.145.116,SJC,北美洲,圣何塞,156 ms
104.17.76.23,SJC,北美洲,圣何塞,156 ms
104.19.247.41,SJC,北美洲,圣何塞,156 ms
104.17.129.67,SJC,北美洲,圣何塞,156 ms
104.16.74.182,SJC,北美洲,圣何塞,156 ms
104.16.211.51,SJC,北美洲,圣何塞,156 ms
104.16.154.28,SJC,北美洲,圣何塞,156 ms
104.17.136.188,SJC,北美洲,圣何塞,156 ms
104.16.54.112,SJC,北美洲,圣何塞,156 ms
104.18.224.222,SJC,北美洲,圣何塞,156 ms
104.21.227.163,SJC,北美洲,圣何塞,156 ms
104.17.151.217,SJC,北美洲,圣何塞,156 ms
104.19.222.235,SJC,北美洲,圣何塞,156 ms
104.16.81.209,SJC,北美洲,圣何塞,156 ms
104.17.149.209,SJC,北美洲,圣何塞,156 ms
104.16.3.218,SJC,北美洲,圣何塞,156 ms
104.21.234.181,SJC,北美洲,圣何塞,156 ms
104.18.208.220,SJC,北美洲,圣何塞,156 ms
104.19.219.130,SJC,北美洲,圣何塞,156 ms
104.16.84.125,SJC,北美洲,圣何塞,156 ms
104.19.234.162,SJC,北美洲,圣何塞,156 ms
104.17.13.185,SJC,北美洲,圣何塞,156 ms
104.21.237.98,SJC,北美洲,圣何塞,156 ms
104.16.219.122,SJC,北美洲,圣何塞,156 ms
104.18.174.66,SJC,北美洲,圣何塞,156 ms
104.18.137.218,SJC,北美洲,圣何塞,156 ms
104.18.251.56,SJC,北美洲,圣何塞,156 ms
104.16.17.180,SJC,北美洲,圣何塞,156 ms
104.17.29.201,SJC,北美洲,圣何塞,156 ms
104.16.1.26,SJC,北美洲,圣何塞,156 ms
104.16.193.248,SJC,北美洲,圣何塞,156 ms
104.16.188.6,SJC,北美洲,圣何塞,156 ms
104.16.0.109,SJC,北美洲,圣何塞,156 ms
104.16.220.216,SJC,北美洲,圣何塞,156 ms
104.17.75.134,SJC,北美洲,圣何塞,156 ms
104.18.212.79,SJC,北美洲,圣何塞,156 ms
104.19.208.29,SJC,北美洲,圣何塞,157 ms
104.18.122.185,SJC,北美洲,圣何塞,157 ms
104.17.162.147,SJC,北美洲,圣何塞,157 ms
104.16.228.37,SJC,北美洲,圣何塞,157 ms
141.101.114.195,SJC,北美洲,圣何塞,157 ms
104.16.51.15,SJC,北美洲,圣何塞,157 ms
104.16.78.143,SJC,北美洲,圣何塞,157 ms
104.16.79.16,SJC,北美洲,圣何塞,157 ms
104.17.156.12,SJC,北美洲,圣何塞,157 ms
104.17.139.242,SJC,北美洲,圣何塞,157 ms
104.16.20.99,SJC,北美洲,圣何塞,157 ms
104.16.33.22,SJC,北美洲,圣何塞,157 ms
104.17.97.205,SJC,北美洲,圣何塞,157 ms
104.17.252.95,SJC,北美洲,圣何塞,157 ms
104.16.106.249,SJC,北美洲,圣何塞,157 ms
104.19.183.108,SJC,北美洲,圣何塞,157 ms
104.17.50.5,SJC,北美洲,圣何塞,157 ms
104.16.231.131,SJC,北美洲,圣何塞,157 ms
104.16.190.217,SJC,北美洲,圣何塞,157 ms
104.17.190.37,SJC,北美洲,圣何塞,157 ms
104.17.19.143,SJC,北美洲,圣何塞,157 ms
104.17.18.86,SJC,北美洲,圣何塞,157 ms
104.18.246.81,SJC,北美洲,圣何塞,157 ms
104.17.152.20,SJC,北美洲,圣何塞,157 ms
104.18.118.168,SJC,北美洲,圣何塞,158 ms
104.17.34.6,SJC,北美洲,圣何塞,158 ms
104.16.162.236,SJC,北美洲,圣何塞,158 ms
104.17.30.141,SJC,北美洲,圣何塞,158 ms
104.19.173.92,SJC,北美洲,圣何塞,158 ms
104.18.156.33,SJC,北美洲,圣何塞,158 ms
104.19.155.243,SJC,北美洲,圣何塞,158 ms
104.18.222.18,SJC,北美洲,圣何塞,158 ms
104.16.247.250,SJC,北美洲,圣何塞,158 ms
104.17.170.224,SJC,北美洲,圣何塞,158 ms
104.19.154.164,SJC,北美洲,圣何塞,158 ms
104.16.250.228,SJC,北美洲,圣何塞,158 ms
104.16.214.1,SJC,北美洲,圣何塞,158 ms
104.18.127.184,SJC,北美洲,圣何塞,158 ms
104.17.89.151,SJC,北美洲,圣何塞,158 ms
104.17.183.0,SJC,北美洲,圣何塞,158 ms
104.17.74.166,SJC,北美洲,圣何塞,158 ms
104.16.238.143,SJC,北美洲,圣何塞,158 ms
104.17.119.146,SJC,北美洲,圣何塞,158 ms
104.16.200.188,SJC,北美洲,圣何塞,158 ms
108.162.198.104,SJC,北美洲,圣何塞,159 ms
104.17.236.199,SJC,北美洲,圣何塞,159 ms
104.16.159.127,SJC,北美洲,圣何塞,159 ms
104.17.91.210,SJC,北美洲,圣何塞,159 ms
104.16.24.27,SJC,北美洲,圣何塞,159 ms
104.19.218.100,SJC,北美洲,圣何塞,160 ms
104.17.174.225,SJC,北美洲,圣何塞,160 ms
104.16.191.152,SJC,北美洲,圣何塞,161 ms
104.17.15.41,SJC,北美洲,圣何塞,161 ms
104.16.97.134,SJC,北美洲,圣何塞,161 ms
104.18.82.111,SJC,北美洲,圣何塞,161 ms
104.18.164.171,SJC,北美洲,圣何塞,161 ms
104.16.58.121,SJC,北美洲,圣何塞,161 ms
104.17.233.187,SJC,北美洲,圣何塞,161 ms
104.18.247.134,SJC,北美洲,圣何塞,161 ms
104.17.106.10,SJC,北美洲,圣何塞,161 ms
104.17.161.95,SJC,北美洲,圣何塞,162 ms
104.18.161.196,SJC,北美洲,圣何塞,162 ms
104.18.186.168,SJC,北美洲,圣何塞,162 ms
104.16.223.123,SJC,北美洲,圣何塞,162 ms
104.19.174.151,SJC,北美洲,圣何塞,162 ms
104.19.190.34,SJC,北美洲,圣何塞,162 ms
104.16.94.4,SJC,北美洲,圣何塞,162 ms
104.19.248.157,SJC,北美洲,圣何塞,162 ms
104.17.138.178,SJC,北美洲,圣何塞,162 ms
104.16.127.78,SJC,北美洲,圣何塞,162 ms
104.21.229.216,SJC,北美洲,圣何塞,162 ms
104.17.112.235,SJC,北美洲,圣何塞,162 ms
104.16.61.46,SJC,北美洲,圣何塞,163 ms
104.19.232.94,SJC,北美洲,圣何塞,163 ms
104.17.90.102,SJC,北美洲,圣何塞,163 ms
104.18.150.75,SJC,北美洲,圣何塞,163 ms
104.19.160.29,SJC,北美洲,圣何塞,163 ms
104.17.144.226,SJC,北美洲,圣何塞,163 ms
104.18.109.144,SJC,北美洲,圣何塞,163 ms
104.17.163.97,SJC,北美洲,圣何塞,164 ms
104.16.182.130,SJC,北美洲,圣何塞,164 ms
104.16.95.171,SJC,北美洲,圣何塞,164 ms
185.162.230.57,LAX,北美洲,洛杉矶,164 ms
104.16.87.39,SJC,北美洲,圣何塞,164 ms
104.16.143.198,SJC,北美洲,圣何塞,164 ms
104.16.107.25,SJC,北美洲,圣何塞,164 ms
104.17.158.109,SJC,北美洲,圣何塞,164 ms
104.16.62.175,SJC,北美洲,圣何塞,164 ms
104.16.11.43,SJC,北美洲,圣何塞,164 ms
104.17.58.239,SJC,北美洲,圣何塞,164 ms
104.19.161.85,SJC,北美洲,圣何塞,164 ms
104.16.175.113,SJC,北美洲,圣何塞,164 ms
104.18.152.189,SJC,北美洲,圣何塞,164 ms
104.17.180.131,SJC,北美洲,圣何塞,164 ms
104.16.198.59,SJC,北美洲,圣何塞,165 ms
104.18.217.175,SJC,北美洲,圣何塞,165 ms
104.17.124.14,SJC,北美洲,圣何塞,165 ms
104.18.108.223,SJC,北美洲,圣何塞,165 ms
104.16.118.38,SJC,北美洲,圣何塞,165 ms
104.19.166.159,SJC,北美洲,圣何塞,165 ms
104.19.157.193,SJC,北美洲,圣何塞,165 ms
104.18.135.106,SJC,北美洲,圣何塞,165 ms
104.16.229.128,SJC,北美洲,圣何塞,165 ms
104.19.163.68,SJC,北美洲,圣何塞,165 ms
104.19.244.87,SJC,北美洲,圣何塞,165 ms
1.1.1.88,LAX,北美洲,洛杉矶,167 ms
172.64.42.9,LAX,北美洲,洛杉矶,167 ms
1.0.0.146,LAX,北美洲,洛杉矶,168 ms
1.1.1.225,LAX,北美洲,洛杉矶,168 ms
185.238.228.226,LAX,北美洲,洛杉矶,168 ms
104.27.28.82,LAX,北美洲,洛杉矶,168 ms
1.1.1.23,LAX,北美洲,洛杉矶,168 ms
1.1.1.18,LAX,北美洲,洛杉矶,168 ms
185.221.160.1,LAX,北美洲,洛杉矶,168 ms
1.1.1.58,LAX,北美洲,洛杉矶,168 ms
1.0.0.181,LAX,北美洲,洛杉矶,168 ms
172.64.67.109,LAX,北美洲,洛杉矶,168 ms
1.1.1.127,LAX,北美洲,洛杉矶,168 ms
1.0.0.12,LAX,北美洲,洛杉矶,169 ms
104.18.47.248,LAX,北美洲,洛杉矶,169 ms
1.0.0.181,LAX,北美洲,洛杉矶,169 ms
104.27.29.121,LAX,北美洲,洛杉矶,169 ms
172.64.38.250,LAX,北美洲,洛杉矶,169 ms
1.1.1.187,LAX,北美洲,洛杉矶,169 ms
1.1.1.33,LAX,北美洲,洛杉矶,169 ms
1.0.0.193,LAX,北美洲,洛杉矶,169 ms
1.0.0.129,LAX,北美洲,洛杉矶,169 ms
1.0.0.81,LAX,北美洲,洛杉矶,169 ms
104.25.51.147,LAX,北美洲,洛杉矶,169 ms
104.24.240.11,LAX,北美洲,洛杉矶,170 ms
104.24.24.121,LAX,北美洲,洛杉矶,170 ms
1.0.0.12,LAX,北美洲,洛杉矶,170 ms
213.241.198.246,LAX,北美洲,洛杉矶,170 ms
162.159.38.108,LAX,北美洲,洛杉矶,170 ms
1.0.0.144,LAX,北美洲,洛杉矶,170 ms
45.131.211.232,LAX,北美洲,洛杉矶,170 ms
162.159.160.113,OTP,欧洲,布加勒斯特,170 ms
104.19.204.97,LAX,北美洲,洛杉矶,170 ms
104.25.182.180,LAX,北美洲,洛杉矶,171 ms
167.68.5.82,LAX,北美洲,洛杉矶,171 ms
1.1.1.189,LAX,北美洲,洛杉矶,171 ms
104.25.26.22,LAX,北美洲,洛杉矶,171 ms
1.1.1.33,LAX,北美洲,洛杉矶,171 ms
194.36.55.245,LAX,北美洲,洛杉矶,171 ms
162.159.153.89,LAX,北美洲,洛杉矶,171 ms
1.1.1.181,LAX,北美洲,洛杉矶,171 ms
141.101.122.102,LAX,北美洲,洛杉矶,171 ms
1.0.0.189,LAX,北美洲,洛杉矶,171 ms
162.159.243.6,LAX,北美洲,洛杉矶,171 ms
104.25.163.237,LAX,北美洲,洛杉矶,171 ms
162.159.58.32,LAX,北美洲,洛杉矶,171 ms
1.0.0.181,LAX,北美洲,洛杉矶,171 ms
185.162.229.112,LAX,北美洲,洛杉矶,172 ms
104.24.180.211,LAX,北美洲,洛杉矶,172 ms
104.18.185.153,SJC,北美洲,圣何塞,172 ms
104.18.132.147,SJC,北美洲,圣何塞,172 ms
198.41.196.4,LAX,北美洲,洛杉矶,172 ms
1.1.1.154,LAX,北美洲,洛杉矶,172 ms
1.1.1.135,LAX,北美洲,洛杉矶,172 ms
104.19.68.172,LAX,北美洲,洛杉矶,172 ms
104.18.39.28,LAX,北美洲,洛杉矶,172 ms
162.159.206.73,LAX,北美洲,洛杉矶,172 ms
104.24.249.112,LAX,北美洲,洛杉矶,172 ms
162.159.42.15,LAX,北美洲,洛杉矶,172 ms
1.0.0.231,LAX,北美洲,洛杉矶,172 ms
162.159.10.238,LAX,北美洲,洛杉矶,172 ms
162.159.26.95,LAX,北美洲,洛杉矶,172 ms
104.19.189.146,SJC,北美洲,圣何塞,172 ms
162.159.246.40,LAX,北美洲,洛杉矶,172 ms
23.227.39.148,LAX,北美洲,洛杉矶,172 ms
1.0.0.13,LAX,北美洲,洛杉矶,172 ms
1.1.1.233,LAX,北美洲,洛杉矶,172 ms
1.0.0.220,LAX,北美洲,洛杉矶,172 ms
1.1.1.217,LAX,北美洲,洛杉矶,172 ms
92.60.74.88,LAX,北美洲,洛杉矶,172 ms
104.18.21.130,LAX,北美洲,洛杉矶,172 ms
1.1.1.177,LAX,北美洲,洛杉矶,172 ms
162.159.33.18,LAX,北美洲,洛杉矶,172 ms
172.66.40.111,LAX,北美洲,洛杉矶,172 ms
104.18.253.29,SJC,北美洲,圣何塞,172 ms
1.1.1.100,LAX,北美洲,洛杉矶,172 ms
45.131.210.148,LAX,北美洲,洛杉矶,172 ms
198.41.204.182,LAX,北美洲,洛杉矶,172 ms
162.159.207.94,LAX,北美洲,洛杉矶,172 ms
1.1.1.100,LAX,北美洲,洛杉矶,172 ms
162.159.213.61,SJC,北美洲,圣何塞,172 ms
1.0.0.93,LAX,北美洲,洛杉矶,172 ms
1.0.0.36,LAX,北美洲,洛杉矶,172 ms
104.24.29.51,LAX,北美洲,洛杉矶,173 ms
185.159.247.6,LAX,北美洲,洛杉矶,173 ms
1.0.0.33,LAX,北美洲,洛杉矶,173 ms
1.0.0.0,LAX,北美洲,洛杉矶,173 ms
1.1.1.100,LAX,北美洲,洛杉矶,173 ms
104.17.61.81,SJC,北美洲,圣何塞,173 ms
1.0.0.62,LAX,北美洲,洛杉矶,173 ms
104.17.165.84,SJC,北美洲,圣何塞,173 ms
1.0.0.19,LAX,北美洲,洛杉矶,173 ms
172.67.89.220,LAX,北美洲,洛杉矶,173 ms
162.251.82.134,LAX,北美洲,洛杉矶,173 ms
1.1.1.189,LAX,北美洲,洛杉矶,173 ms
1.1.1.41,LAX,北美洲,洛杉矶,173 ms
104.16.104.218,SJC,北美洲,圣何塞,173 ms
1.1.1.154,LAX,北美洲,洛杉矶,173 ms
104.19.245.82,SJC,北美洲,圣何塞,173 ms
1.1.1.135,LAX,北美洲,洛杉矶,173 ms
104.18.239.197,SJC,北美洲,圣何塞,173 ms
1.0.0.26,LAX,北美洲,洛杉矶,173 ms
1.1.1.225,LAX,北美洲,洛杉矶,173 ms
1.0.0.36,LAX,北美洲,洛杉矶,173 ms
92.53.189.90,LAX,北美洲,洛杉矶,173 ms
104.19.201.65,LAX,北美洲,洛杉矶,173 ms
104.25.185.39,LAX,北美洲,洛杉矶,173 ms
104.24.27.197,LAX,北美洲,洛杉矶,173 ms
104.27.40.167,LAX,北美洲,洛杉矶,173 ms
66.235.200.252,LAX,北美洲,洛杉矶,173 ms
104.17.37.250,SJC,北美洲,圣何塞,173 ms
162.159.143.239,LAX,北美洲,洛杉矶,173 ms
104.19.251.163,SJC,北美洲,圣何塞,173 ms
45.131.209.30,LAX,北美洲,洛杉矶,173 ms
1.0.0.12,LAX,北美洲,洛杉矶,173 ms
1.1.1.160,LAX,北美洲,洛杉矶,173 ms
104.19.169.99,SJC,北美洲,圣何塞,173 ms
1.0.0.67,LAX,北美洲,洛杉矶,173 ms
104.18.117.253,SJC,北美洲,圣何塞,173 ms
104.27.65.92,LAX,北美洲,洛杉矶,173 ms
104.27.45.38,LAX,北美洲,洛杉矶,173 ms
1.1.1.112,LAX,北美洲,洛杉矶,173 ms
104.16.202.250,SJC,北美洲,圣何塞,174 ms
203.28.8.147,LAX,北美洲,洛杉矶,174 ms
1.0.0.201,LAX,北美洲,洛杉矶,174 ms
104.16.243.112,SJC,北美洲,圣何塞,174 ms
185.176.26.115,LAX,北美洲,洛杉矶,174 ms
154.206.12.187,LAX,北美洲,洛杉矶,174 ms
1.1.1.171,LAX,北美洲,洛杉矶,174 ms
1.1.1.90,LAX,北美洲,洛杉矶,174 ms
104.19.187.9,SJC,北美洲,圣何塞,174 ms
1.1.1.72,LAX,北美洲,洛杉矶,174 ms
104.19.91.22,LAX,北美洲,洛杉矶,174 ms
1.0.0.29,LAX,北美洲,洛杉矶,174 ms
162.159.19.98,LAX,北美洲,洛杉矶,174 ms
203.29.53.189,LAX,北美洲,洛杉矶,174 ms
162.159.1.50,LAX,北美洲,洛杉矶,174 ms
162.159.13.88,LAX,北美洲,洛杉矶,174 ms
194.152.44.83,LAX,北美洲,洛杉矶,174 ms
5.182.84.72,LAX,北美洲,洛杉矶,174 ms
104.239.72.98,LAX,北美洲,洛杉矶,174 ms
104.24.2.42,LAX,北美洲,洛杉矶,174 ms
93.114.64.33,LAX,北美洲,洛杉矶,174 ms
1.1.1.221,LAX,北美洲,洛杉矶,174 ms
1.0.0.120,LAX,北美洲,洛杉矶,174 ms
104.24.95.83,LAX,北美洲,洛杉矶,174 ms
45.81.58.219,LAX,北美洲,洛杉矶,174 ms
104.17.248.52,SJC,北美洲,圣何塞,174 ms
1.0.0.53,LAX,北美洲,洛杉矶,174 ms
1.0.0.146,LAX,北美洲,洛杉矶,174 ms
162.159.242.178,LAX,北美洲,洛杉矶,174 ms
104.25.193.4,LAX,北美洲,洛杉矶,174 ms
104.25.14.207,LAX,北美洲,洛杉矶,174 ms
104.25.104.4,LAX,北美洲,洛杉矶,174 ms
104.25.140.85,LAX,北美洲,洛杉矶,174 ms
89.117.112.135,LAX,北美洲,洛杉矶,174 ms
1.1.1.112,LAX,北美洲,洛杉矶,175 ms
1.1.1.23,LAX,北美洲,洛杉矶,175 ms
1.1.1.239,LAX,北美洲,洛杉矶,175 ms
104.19.33.70,LAX,北美洲,洛杉矶,175 ms
104.17.109.239,SJC,北美洲,圣何塞,175 ms
104.19.13.92,LAX,北美洲,洛杉矶,175 ms
198.202.211.120,LAX,北美洲,洛杉矶,175 ms
1.0.0.61,LAX,北美洲,洛杉矶,175 ms
1.0.0.110,LAX,北美洲,洛杉矶,175 ms
1.1.1.119,LAX,北美洲,洛杉矶,175 ms
1.1.1.151,LAX,北美洲,洛杉矶,175 ms
203.23.106.136,LAX,北美洲,洛杉矶,175 ms
1.0.0.8,LAX,北美洲,洛杉矶,175 ms
104.16.63.206,SJC,北美洲,圣何塞,175 ms
104.25.120.55,LAX,北美洲,洛杉矶,175 ms
104.27.38.64,LAX,北美洲,洛杉矶,175 ms
104.18.42.232,LAX,北美洲,洛杉矶,175 ms
172.65.210.241,CDG,欧洲,巴黎,175 ms
1.0.0.130,LAX,北美洲,洛杉矶,175 ms
185.193.31.52,LAX,北美洲,洛杉矶,175 ms
104.24.216.172,LAX,北美洲,洛杉矶,175 ms
1.0.0.11,LAX,北美洲,洛杉矶,175 ms
104.129.165.172,LAX,北美洲,洛杉矶,175 ms
104.18.58.226,LAX,北美洲,洛杉矶,175 ms
172.66.43.113,LAX,北美洲,洛杉矶,175 ms
104.27.10.38,LAX,北美洲,洛杉矶,175 ms
1.1.1.136,LAX,北美洲,洛杉矶,175 ms
1.0.0.118,LAX,北美洲,洛杉矶,175 ms
104.25.115.92,LAX,北美洲,洛杉矶,175 ms
162.159.253.50,LAX,北美洲,洛杉矶,175 ms
1.0.0.85,LAX,北美洲,洛杉矶,176 ms
104.25.69.9,LAX,北美洲,洛杉矶,176 ms
104.19.52.168,LAX,北美洲,洛杉矶,176 ms
8.39.125.27,LAX,北美洲,洛杉矶,176 ms
104.18.24.102,LAX,北美洲,洛杉矶,176 ms
108.162.193.104,LAX,北美洲,洛杉矶,176 ms
1.1.1.144,LAX,北美洲,洛杉矶,176 ms
1.0.0.168,LAX,北美洲,洛杉矶,176 ms
104.24.9.33,LAX,北美洲,洛杉矶,176 ms
1.0.0.62,LAX,北美洲,洛杉矶,176 ms
1.0.0.19,LAX,北美洲,洛杉矶,176 ms
104.25.146.32,LAX,北美洲,洛杉矶,176 ms
172.64.151.34,LAX,北美洲,洛杉矶,176 ms
104.24.13.171,LAX,北美洲,洛杉矶,176 ms
1.0.0.123,LAX,北美洲,洛杉矶,176 ms
104.24.65.143,LAX,北美洲,洛杉矶,176 ms
1.0.0.207,LAX,北美洲,洛杉矶,176 ms
1.0.0.129,LAX,北美洲,洛杉矶,176 ms
1.1.1.46,LAX,北美洲,洛杉矶,176 ms
1.1.1.145,LAX,北美洲,洛杉矶,176 ms
172.64.157.19,LAX,北美洲,洛杉矶,176 ms
104.18.18.215,LAX,北美洲,洛杉矶,176 ms
1.0.0.82,LAX,北美洲,洛杉矶,176 ms
104.19.195.202,LAX,北美洲,洛杉矶,176 ms
1.0.0.238,LAX,北美洲,洛杉矶,176 ms
1.1.1.18,LAX,北美洲,洛杉矶,176 ms
88.216.66.140,LAX,北美洲,洛杉矶,176 ms
104.25.249.122,LAX,北美洲,洛杉矶,176 ms
104.25.97.36,LAX,北美洲,洛杉矶,176 ms
1.1.1.130,LAX,北美洲,洛杉矶,176 ms
203.17.126.242,LAX,北美洲,洛杉矶,176 ms
104.20.63.105,LAX,北美洲,洛杉矶,176 ms
1.0.0.240,LAX,北美洲,洛杉矶,176 ms
1.1.1.120,LAX,北美洲,洛杉矶,176 ms
1.0.0.183,LAX,北美洲,洛杉矶,176 ms
173.245.59.214,LAX,北美洲,洛杉矶,176 ms
172.67.115.28,LAX,北美洲,洛杉矶,176 ms
1.0.0.86,LAX,北美洲,洛杉矶,176 ms
104.27.1.0,LAX,北美洲,洛杉矶,176 ms
104.25.41.46,LAX,北美洲,洛杉矶,176 ms
172.67.82.131,LAX,北美洲,洛杉矶,176 ms
203.24.103.162,LAX,北美洲,洛杉矶,176 ms
45.85.119.254,LAX,北美洲,洛杉矶,176 ms
1.1.1.201,LAX,北美洲,洛杉矶,176 ms
1.0.0.141,LAX,北美洲,洛杉矶,176 ms
1.1.1.85,LAX,北美洲,洛杉矶,177 ms
172.67.120.222,LAX,北美洲,洛杉矶,177 ms
104.18.14.170,LAX,北美洲,洛杉矶,177 ms
1.1.1.74,LAX,北美洲,洛杉矶,177 ms
1.1.1.10,LAX,北美洲,洛杉矶,177 ms
104.19.98.169,LAX,北美洲,洛杉矶,177 ms
1.0.0.130,LAX,北美洲,洛杉矶,177 ms
1.1.1.111,LAX,北美洲,洛杉矶,177 ms
162.159.240.116,LAX,北美洲,洛杉矶,177 ms
92.53.190.150,LAX,北美洲,洛杉矶,177 ms
104.27.113.15,LAX,北美洲,洛杉矶,177 ms
1.0.0.30,LAX,北美洲,洛杉矶,177 ms
1.0.0.69,LAX,北美洲,洛杉矶,177 ms
104.19.9.224,LAX,北美洲,洛杉矶,177 ms
1.0.0.138,LAX,北美洲,洛杉矶,177 ms
104.25.204.101,LAX,北美洲,洛杉矶,177 ms
104.25.202.15,LAX,北美洲,洛杉矶,177 ms
1.0.0.133,LAX,北美洲,洛杉矶,177 ms
1.1.1.146,LAX,北美洲,洛杉矶,177 ms
172.67.81.95,LAX,北美洲,洛杉矶,177 ms
104.25.53.137,LAX,北美洲,洛杉矶,177 ms
1.1.1.142,LAX,北美洲,洛杉矶,177 ms
1.0.0.9,LAX,北美洲,洛杉矶,177 ms
46.254.93.166,LAX,北美洲,洛杉矶,177 ms
172.64.40.12,LAX,北美洲,洛杉矶,177 ms
104.19.200.12,LAX,北美洲,洛杉矶,177 ms
104.18.9.120,LAX,北美洲,洛杉矶,177 ms
1.0.0.96,LAX,北美洲,洛杉矶,177 ms
1.1.1.45,LAX,北美洲,洛杉矶,177 ms
104.24.71.10,LAX,北美洲,洛杉矶,177 ms
1.1.1.147,LAX,北美洲,洛杉矶,177 ms
1.1.1.88,LAX,北美洲,洛杉矶,177 ms
1.0.0.204,LAX,北美洲,洛杉矶,177 ms
104.19.62.14,LAX,北美洲,洛杉矶,177 ms
172.66.46.158,LAX,北美洲,洛杉矶,177 ms
162.159.3.2,LAX,北美洲,洛杉矶,177 ms
104.20.4.44,LAX,北美洲,洛杉矶,177 ms
199.60.103.14,LAX,北美洲,洛杉矶,177 ms
1.1.1.218,LAX,北美洲,洛杉矶,177 ms
1.0.0.105,LAX,北美洲,洛杉矶,177 ms
104.18.41.115,LAX,北美洲,洛杉矶,177 ms
104.25.170.74,LAX,北美洲,洛杉矶,178 ms
1.1.1.245,LAX,北美洲,洛杉矶,178 ms
172.67.113.153,LAX,北美洲,洛杉矶,178 ms
104.25.60.149,LAX,北美洲,洛杉矶,178 ms
104.18.38.248,LAX,北美洲,洛杉矶,178 ms
1.0.0.91,LAX,北美洲,洛杉矶,178 ms
1.0.0.35,LAX,北美洲,洛杉矶,178 ms
1.0.0.131,LAX,北美洲,洛杉矶,178 ms
203.34.80.12,LAX,北美洲,洛杉矶,178 ms
108.165.216.143,LAX,北美洲,洛杉矶,178 ms
104.24.128.53,LAX,北美洲,洛杉矶,178 ms
104.24.173.61,LAX,北美洲,洛杉矶,178 ms
162.159.4.12,LAX,北美洲,洛杉矶,178 ms
1.0.0.247,LAX,北美洲,洛杉矶,178 ms
172.67.119.94,LAX,北美洲,洛杉矶,178 ms
45.95.241.16,LAX,北美洲,洛杉矶,178 ms
104.25.15.187,LAX,北美洲,洛杉矶,178 ms
194.59.5.61,LAX,北美洲,洛杉矶,178 ms
1.1.1.58,LAX,北美洲,洛杉矶,178 ms
1.0.0.35,LAX,北美洲,洛杉矶,178 ms
104.19.18.148,LAX,北美洲,洛杉矶,178 ms
104.25.111.101,LAX,北美洲,洛杉矶,178 ms
1.0.0.202,LAX,北美洲,洛杉矶,178 ms
172.64.159.212,LAX,北美洲,洛杉矶,178 ms
1.0.0.152,LAX,北美洲,洛杉矶,178 ms
1.1.1.122,LAX,北美洲,洛杉矶,178 ms
104.27.68.172,LAX,北美洲,洛杉矶,178 ms
1.1.1.60,LAX,北美洲,洛杉矶,178 ms
141.101.90.17,FRA,欧洲,法兰克福,178 ms
172.66.3.235,LAX,北美洲,洛杉矶,178 ms
104.24.170.20,LAX,北美洲,洛杉矶,178 ms
198.41.199.22,LAX,北美洲,洛杉矶,178 ms
104.25.88.28,LAX,北美洲,洛杉矶,178 ms
1.1.1.251,LAX,北美洲,洛杉矶,178 ms
104.18.19.124,LAX,北美洲,洛杉矶,178 ms
45.8.211.77,LAX,北美洲,洛杉矶,178 ms
1.0.0.14,LAX,北美洲,洛杉矶,178 ms
156.252.3.158,LAX,北美洲,洛杉矶,178 ms
66.81.247.21,LAX,北美洲,洛杉矶,178 ms
1.0.0.133,LAX,北美洲,洛杉矶,178 ms
104.25.154.202,LAX,北美洲,洛杉矶,178 ms
1.1.1.54,LAX,北美洲,洛杉矶,178 ms
104.20.35.240,LAX,北美洲,洛杉矶,178 ms
1.1.1.224,LAX,北美洲,洛杉矶,178 ms
1.1.1.128,LAX,北美洲,洛杉矶,178 ms
162.159.44.143,LAX,北美洲,洛杉矶,178 ms
173.245.49.223,LAX,北美洲,洛杉矶,178 ms
162.159.23.189,LAX,北美洲,洛杉矶,179 ms
1.1.1.86,LAX,北美洲,洛杉矶,179 ms
1.0.0.31,LAX,北美洲,洛杉矶,179 ms
147.78.140.171,LAX,北美洲,洛杉矶,179 ms
104.19.198.99,LAX,北美洲,洛杉矶,179 ms
104.27.48.218,LAX,北美洲,洛杉矶,179 ms
207.189.149.72,LAX,北美洲,洛杉矶,179 ms
104.19.197.72,LAX,北美洲,洛杉矶,179 ms
1.0.0.123,LAX,北美洲,洛杉矶,179 ms
172.64.149.83,LAX,北美洲,洛杉矶,179 ms
203.23.103.139,LAX,北美洲,洛杉矶,179 ms
104.25.63.55,LAX,北美洲,洛杉矶,179 ms
156.225.72.32,LAX,北美洲,洛杉矶,179 ms
104.18.25.34,LAX,北美洲,洛杉矶,179 ms
45.159.217.217,LAX,北美洲,洛杉矶,179 ms
104.18.5.86,LAX,北美洲,洛杉矶,179 ms
45.12.30.185,LAX,北美洲,洛杉矶,179 ms
104.18.29.60,LAX,北美洲,洛杉矶,179 ms
172.64.49.244,LAX,北美洲,洛杉矶,179 ms
89.116.250.112,LAX,北美洲,洛杉矶,179 ms
1.0.0.182,LAX,北美洲,洛杉矶,179 ms
1.0.0.0,LAX,北美洲,洛杉矶,179 ms
1.1.1.169,LAX,北美洲,洛杉矶,179 ms
104.25.66.70,LAX,北美洲,洛杉矶,179 ms
185.174.138.143,LAX,北美洲,洛杉矶,179 ms
104.19.203.81,LAX,北美洲,洛杉矶,179 ms
1.1.1.64,LAX,北美洲,洛杉矶,179 ms
154.197.75.227,LAX,北美洲,洛杉矶,179 ms
162.159.0.79,LAX,北美洲,洛杉矶,179 ms
104.24.7.186,LAX,北美洲,洛杉矶,179 ms
162.159.129.181,LAX,北美洲,洛杉矶,179 ms
1.0.0.33,LAX,北美洲,洛杉矶,179 ms
104.25.96.213,LAX,北美洲,洛杉矶,179 ms
1.1.1.34,LAX,北美洲,洛杉矶,179 ms
1.0.0.245,LAX,北美洲,洛杉矶,179 ms
198.41.200.232,LAX,北美洲,洛杉矶,179 ms
8.39.214.28,LAX,北美洲,洛杉矶,179 ms
1.0.0.8,LAX,北美洲,洛杉矶,179 ms
104.27.124.170,LAX,北美洲,洛杉矶,179 ms
162.159.27.105,LAX,北美洲,洛杉矶,179 ms
140.99.233.128,LAX,北美洲,洛杉矶,179 ms
45.85.118.226,LAX,北美洲,洛杉矶,179 ms
1.0.0.133,LAX,北美洲,洛杉矶,179 ms
104.19.42.28,LAX,北美洲,洛杉矶,179 ms
104.18.10.127,LAX,北美洲,洛杉矶,179 ms
1.0.0.96,LAX,北美洲,洛杉矶,180 ms
1.1.1.93,LAX,北美洲,洛杉矶,180 ms
104.18.27.48,LAX,北美洲,洛杉矶,180 ms
104.129.164.212,LAX,北美洲,洛杉矶,180 ms
1.1.1.74,LAX,北美洲,洛杉矶,180 ms
141.101.120.243,LAX,北美洲,洛杉矶,180 ms
1.0.0.243,LAX,北美洲,洛杉矶,180 ms
77.74.228.9,LAX,北美洲,洛杉矶,180 ms
1.0.0.233,LAX,北美洲,洛杉矶,180 ms
1.0.0.204,LAX,北美洲,洛杉矶,180 ms
104.18.40.92,LAX,北美洲,洛杉矶,180 ms
1.1.1.251,LAX,北美洲,洛杉矶,180 ms
141.101.121.38,LAX,北美洲,洛杉矶,180 ms
162.159.41.135,LAX,北美洲,洛杉矶,180 ms
1.0.0.103,LAX,北美洲,洛杉矶,180 ms
162.159.255.213,LAX,北美洲,洛杉矶,180 ms
104.24.28.110,LAX,北美洲,洛杉矶,180 ms
198.41.201.193,LAX,北美洲,洛杉矶,180 ms
45.131.6.202,LAX,北美洲,洛杉矶,180 ms
1.1.1.195,LAX,北美洲,洛杉矶,180 ms
104.27.49.16,LAX,北美洲,洛杉矶,180 ms
1.0.0.29,LAX,北美洲,洛杉矶,180 ms
108.162.196.192,LAX,北美洲,洛杉矶,180 ms
1.0.0.69,LAX,北美洲,洛杉矶,180 ms
162.159.17.159,LAX,北美洲,洛杉矶,180 ms
1.0.0.202,LAX,北美洲,洛杉矶,180 ms
1.0.0.100,LAX,北美洲,洛杉矶,180 ms
104.25.171.223,LAX,北美洲,洛杉矶,180 ms
104.36.195.48,LAX,北美洲,洛杉矶,180 ms
162.159.236.183,LAX,北美洲,洛杉矶,180 ms
1.0.0.79,LAX,北美洲,洛杉矶,180 ms
155.46.213.125,LAX,北美洲,洛杉矶,180 ms
1.0.0.143,LAX,北美洲,洛杉矶,180 ms
89.116.46.76,LAX,北美洲,洛杉矶,180 ms
1.1.1.217,LAX,北美洲,洛杉矶,180 ms
203.30.189.216,LAX,北美洲,洛杉矶,180 ms
1.1.1.187,LAX,北美洲,洛杉矶,180 ms
192.65.217.158,LAX,北美洲,洛杉矶,180 ms
203.24.109.73,LAX,北美洲,洛杉矶,180 ms
159.246.55.50,LAX,北美洲,洛杉矶,180 ms
104.18.7.55,LAX,北美洲,洛杉矶,180 ms
162.159.133.192,LAX,北美洲,洛杉矶,180 ms
203.24.102.96,LAX,北美洲,洛杉矶,180 ms
203.30.188.125,LAX,北美洲,洛杉矶,180 ms
104.25.178.181,LAX,北美洲,洛杉矶,180 ms
104.25.64.227,LAX,北美洲,洛杉矶,180 ms
1.1.1.20,LAX,北美洲,洛杉矶,180 ms
1.0.0.195,LAX,北美洲,洛杉矶,180 ms
162.159.22.161,LAX,北美洲,洛杉矶,180 ms
172.64.153.118,LAX,北美洲,洛杉矶,180 ms
1.0.0.156,LAX,北美洲,洛杉矶,180 ms
1.1.1.5,LAX,北美洲,洛杉矶,180 ms
104.25.101.92,LAX,北美洲,洛杉矶,180 ms
172.64.148.186,LAX,北美洲,洛杉矶,180 ms
104.18.46.53,LAX,北美洲,洛杉矶,181 ms
45.205.0.12,LAX,北美洲,洛杉矶,181 ms
1.0.0.71,LAX,北美洲,洛杉矶,181 ms
14.102.229.30,LAX,北美洲,洛杉矶,181 ms
104.20.0.37,LAX,北美洲,洛杉矶,181 ms
1.1.1.133,LAX,北美洲,洛杉矶,181 ms
104.19.57.132,LAX,北美洲,洛杉矶,181 ms
1.1.1.176,LAX,北美洲,洛杉矶,181 ms
162.159.140.210,LAX,北美洲,洛杉矶,181 ms
1.1.1.126,LAX,北美洲,洛杉矶,181 ms
1.1.1.187,LAX,北美洲,洛杉矶,181 ms
1.0.0.248,LAX,北美洲,洛杉矶,181 ms
1.0.0.191,LAX,北美洲,洛杉矶,181 ms
1.0.0.86,LAX,北美洲,洛杉矶,181 ms
1.0.0.210,LAX,北美洲,洛杉矶,181 ms
104.24.200.77,LAX,北美洲,洛杉矶,181 ms
5.226.179.58,LAX,北美洲,洛杉矶,181 ms
162.159.248.100,LAX,北美洲,洛杉矶,181 ms
1.0.0.234,LAX,北美洲,洛杉矶,181 ms
104.24.246.158,LAX,北美洲,洛杉矶,181 ms
162.159.34.99,LAX,北美洲,洛杉矶,181 ms
1.1.1.118,LAX,北美洲,洛杉矶,181 ms
1.0.0.9,LAX,北美洲,洛杉矶,181 ms
1.1.1.122,LAX,北美洲,洛杉矶,181 ms
104.18.0.61,LAX,北美洲,洛杉矶,181 ms
104.24.192.168,LAX,北美洲,洛杉矶,181 ms
1.0.0.34,LAX,北美洲,洛杉矶,181 ms
104.25.254.7,LAX,北美洲,洛杉矶,181 ms
1.1.1.121,LAX,北美洲,洛杉矶,181 ms
104.27.47.97,LAX,北美洲,洛杉矶,181 ms
104.24.136.192,LAX,北美洲,洛杉矶,181 ms
1.0.0.60,LAX,北美洲,洛杉矶,181 ms
1.1.1.10,LAX,北美洲,洛杉矶,181 ms
104.19.75.170,LAX,北美洲,洛杉矶,181 ms
164.38.155.102,LAX,北美洲,洛杉矶,181 ms
170.114.46.20,LAX,北美洲,洛杉矶,181 ms
1.0.0.94,LAX,北美洲,洛杉矶,181 ms
1.1.1.5,LAX,北美洲,洛杉矶,181 ms
45.159.218.113,LAX,北美洲,洛杉矶,181 ms
104.19.199.134,LAX,北美洲,洛杉矶,181 ms
1.0.0.158,LAX,北美洲,洛杉矶,181 ms
185.148.106.82,LAX,北美洲,洛杉矶,181 ms
1.1.1.124,LAX,北美洲,洛杉矶,181 ms
172.64.98.85,SJC,北美洲,圣何塞,181 ms
1.1.1.50,LAX,北美洲,洛杉矶,181 ms
104.24.182.94,LAX,北美洲,洛杉矶,181 ms
1.1.1.10,LAX,北美洲,洛杉矶,181 ms
1.0.0.154,LAX,北美洲,洛杉矶,181 ms
172.64.69.18,LAX,北美洲,洛杉矶,181 ms
1.0.0.11,LAX,北美洲,洛杉矶,181 ms
1.1.1.112,LAX,北美洲,洛杉矶,181 ms
188.164.248.73,LAX,北美洲,洛杉矶,181 ms
1.0.0.183,LAX,北美洲,洛杉矶,181 ms
1.0.0.117,LAX,北美洲,洛杉矶,181 ms
1.1.1.85,LAX,北美洲,洛杉矶,181 ms
104.24.89.200,LAX,北美洲,洛杉矶,181 ms
45.131.4.24,LAX,北美洲,洛杉矶,181 ms
1.1.1.236,LAX,北美洲,洛杉矶,181 ms
104.25.164.22,LAX,北美洲,洛杉矶,181 ms
162.159.6.38,LAX,北美洲,洛杉矶,181 ms
154.219.5.2,LAX,北美洲,洛杉矶,181 ms
162.159.21.199,LAX,北美洲,洛杉矶,181 ms
77.37.33.10,LAX,北美洲,洛杉矶,181 ms
1.1.1.238,LAX,北美洲,洛杉矶,181 ms
89.116.161.78,LAX,北美洲,洛杉矶,182 ms
1.1.1.194,LAX,北美洲,洛杉矶,182 ms
141.101.123.104,LAX,北美洲,洛杉矶,182 ms
104.18.31.207,LAX,北美洲,洛杉矶,182 ms
94.140.0.41,LAX,北美洲,洛杉矶,182 ms
104.20.54.185,LAX,北美洲,洛杉矶,182 ms
162.159.46.173,LAX,北美洲,洛杉矶,182 ms
104.24.235.193,LAX,北美洲,洛杉矶,182 ms
1.0.0.2,LAX,北美洲,洛杉矶,182 ms
1.1.1.236,LAX,北美洲,洛杉矶,182 ms
104.24.157.149,LAX,北美洲,洛杉矶,182 ms
198.41.197.158,LAX,北美洲,洛杉矶,182 ms
172.64.34.89,LAX,北美洲,洛杉矶,182 ms
104.25.201.55,LAX,北美洲,洛杉矶,182 ms
1.1.1.89,LAX,北美洲,洛杉矶,182 ms
104.27.6.248,LAX,北美洲,洛杉矶,182 ms
104.27.9.161,LAX,北美洲,洛杉矶,182 ms
104.18.30.17,LAX,北美洲,洛杉矶,182 ms
1.0.0.98,LAX,北美洲,洛杉矶,182 ms
104.25.186.142,LAX,北美洲,洛杉矶,182 ms
1.1.1.52,LAX,北美洲,洛杉矶,182 ms
104.27.21.144,LAX,北美洲,洛杉矶,182 ms
104.24.202.163,LAX,北美洲,洛杉矶,182 ms
104.19.28.253,LAX,北美洲,洛杉矶,182 ms
104.24.57.79,LAX,北美洲,洛杉矶,182 ms
1.0.0.32,LAX,北美洲,洛杉矶,182 ms
104.27.108.116,LAX,北美洲,洛杉矶,182 ms
1.1.1.192,LAX,北美洲,洛杉矶,182 ms
198.41.217.160,LAX,北美洲,洛杉矶,182 ms
172.67.116.52,LAX,北美洲,洛杉矶,182 ms
1.1.1.187,LAX,北美洲,洛杉矶,182 ms
1.0.0.221,LAX,北美洲,洛杉矶,182 ms
162.159.35.57,LAX,北美洲,洛杉矶,182 ms
154.197.80.226,LAX,北美洲,洛杉矶,182 ms
198.41.205.212,LAX,北美洲,洛杉矶,182 ms
1.1.1.118,LAX,北美洲,洛杉矶,182 ms
1.0.0.190,LAX,北美洲,洛杉矶,182 ms
172.67.102.61,LAX,北美洲,洛杉矶,182 ms
104.25.81.242,LAX,北美洲,洛杉矶,182 ms
1.0.0.13,LAX,北美洲,洛杉矶,182 ms
1.0.0.117,LAX,北美洲,洛杉矶,182 ms
5.182.85.193,LAX,北美洲,洛杉矶,182 ms
185.148.107.251,LAX,北美洲,洛杉矶,182 ms
104.27.91.187,LAX,北美洲,洛杉矶,182 ms
1.1.1.60,LAX,北美洲,洛杉矶,182 ms
1.1.1.96,LAX,北美洲,洛杉矶,182 ms
104.19.60.118,LAX,北美洲,洛杉矶,182 ms
162.159.14.64,LAX,北美洲,洛杉矶,182 ms
1.1.1.223,LAX,北美洲,洛杉矶,182 ms
104.19.97.20,LAX,北美洲,洛杉矶,182 ms
1.0.0.218,LAX,北美洲,洛杉矶,182 ms
1.1.1.111,LAX,北美洲,洛杉矶,182 ms
104.19.66.46,LAX,北美洲,洛杉矶,182 ms
172.83.73.141,LAX,北美洲,洛杉矶,182 ms
1.0.0.140,LAX,北美洲,洛杉矶,182 ms
1.0.0.166,LAX,北美洲,洛杉矶,182 ms
104.25.114.197,LAX,北美洲,洛杉矶,182 ms
104.27.85.230,LAX,北美洲,洛杉矶,183 ms
104.27.0.226,LAX,北美洲,洛杉矶,183 ms
94.247.142.144,LAX,北美洲,洛杉矶,183 ms
104.24.174.186,LAX,北美洲,洛杉矶,183 ms
1.1.1.100,LAX,北美洲,洛杉矶,183 ms
1.1.1.74,LAX,北美洲,洛杉矶,183 ms
45.142.120.34,LAX,北美洲,洛杉矶,183 ms
203.30.190.8,LAX,北美洲,洛杉矶,183 ms
104.25.235.123,LAX,北美洲,洛杉矶,183 ms
104.19.46.174,LAX,北美洲,洛杉矶,183 ms
198.41.195.169,LAX,北美洲,洛杉矶,183 ms
104.19.77.203,LAX,北美洲,洛杉矶,183 ms
188.164.158.60,LAX,北美洲,洛杉矶,183 ms
104.27.17.135,LAX,北美洲,洛杉矶,183 ms
1.0.0.38,LAX,北美洲,洛杉矶,183 ms
185.148.104.129,LAX,北美洲,洛杉矶,183 ms
104.18.36.89,LAX,北美洲,洛杉矶,183 ms
1.1.1.248,LAX,北美洲,洛杉矶,183 ms
198.41.218.243,LAX,北美洲,洛杉矶,183 ms
172.64.48.178,LAX,北美洲,洛杉矶,183 ms
104.24.80.181,LAX,北美洲,洛杉矶,183 ms
104.24.52.49,LAX,北美洲,洛杉矶,183 ms
1.1.1.128,LAX,北美洲,洛杉矶,183 ms
1.0.0.94,LAX,北美洲,洛杉矶,183 ms
162.159.247.8,LAX,北美洲,洛杉矶,183 ms
104.18.16.25,LAX,北美洲,洛杉矶,183 ms
203.28.9.202,LAX,北美洲,洛杉矶,183 ms
185.135.9.138,LAX,北美洲,洛杉矶,183 ms
1.0.0.57,LAX,北美洲,洛杉矶,183 ms
104.27.5.118,LAX,北美洲,洛杉矶,183 ms
108.162.192.23,LAX,北美洲,洛杉矶,183 ms
108.162.195.99,LAX,北美洲,洛杉矶,183 ms
104.24.150.37,LAX,北美洲,洛杉矶,183 ms
1.0.0.80,LAX,北美洲,洛杉矶,183 ms
1.0.0.229,LAX,北美洲,洛杉矶,183 ms
162.159.32.60,LAX,北美洲,洛杉矶,183 ms
1.0.0.83,LAX,北美洲,洛杉矶,183 ms
1.1.1.191,LAX,北美洲,洛杉矶,183 ms
104.24.60.37,LAX,北美洲,洛杉矶,183 ms
104.19.95.29,LAX,北美洲,洛杉矶,183 ms
1.1.1.201,LAX,北美洲,洛杉矶,183 ms
104.24.241.20,LAX,北美洲,洛杉矶,183 ms
172.64.231.117,LAX,北美洲,洛杉矶,183 ms
203.29.55.34,LAX,北美洲,洛杉矶,183 ms
1.1.1.48,LAX,北美洲,洛杉矶,183 ms
104.25.55.78,LAX,北美洲,洛杉矶,183 ms
104.25.228.217,LAX,北美洲,洛杉矶,183 ms
104.24.181.111,LAX,北美洲,洛杉矶,183 ms
1.0.0.105,LAX,北美洲,洛杉矶,183 ms
1.1.1.27,LAX,北美洲,洛杉矶,183 ms
162.159.8.87,LAX,北美洲,洛杉矶,183 ms
162.159.136.153,LAX,北美洲,洛杉矶,183 ms
1.1.1.24,LAX,北美洲,洛杉矶,183 ms
162.159.20.207,LAX,北美洲,洛杉矶,183 ms
1.1.1.44,LAX,北美洲,洛杉矶,183 ms
104.24.10.153,LAX,北美洲,洛杉矶,183 ms
172.66.45.226,LAX,北美洲,洛杉矶,183 ms
172.64.152.254,LAX,北美洲,洛杉矶,183 ms
104.27.37.102,LAX,北美洲,洛杉矶,183 ms
1.0.0.206,LAX,北美洲,洛杉矶,183 ms
1.0.0.119,LAX,北美洲,洛杉矶,183 ms
185.176.24.123,LAX,北美洲,洛杉矶,183 ms
104.19.193.235,LAX,北美洲,洛杉矶,183 ms
1.0.0.11,LAX,北美洲,洛杉矶,183 ms
1.0.0.101,LAX,北美洲,洛杉矶,183 ms
104.27.114.35,LAX,北美洲,洛杉矶,183 ms
77.232.140.84,LAX,北美洲,洛杉矶,183 ms
1.0.0.179,LAX,北美洲,洛杉矶,183 ms
104.25.135.77,LAX,北美洲,洛杉矶,183 ms
104.27.73.47,LAX,北美洲,洛杉矶,183 ms
1.1.1.226,LAX,北美洲,洛杉矶,183 ms
162.159.15.80,LAX,北美洲,洛杉矶,183 ms
172.64.229.31,LAX,北美洲,洛杉矶,183 ms
104.27.90.121,LAX,北美洲,洛杉矶,183 ms
1.0.0.52,LAX,北美洲,洛杉矶,184 ms
172.67.109.240,LAX,北美洲,洛杉矶,184 ms
104.25.137.6,LAX,北美洲,洛杉矶,184 ms
1.1.1.107,LAX,北美洲,洛杉矶,184 ms
1.1.1.130,LAX,北美洲,洛杉矶,184 ms
172.64.154.90,LAX,北美洲,洛杉矶,184 ms
1.0.0.146,LAX,北美洲,洛杉矶,184 ms
185.18.250.152,LAX,北美洲,洛杉矶,184 ms
1.1.1.204,LAX,北美洲,洛杉矶,184 ms
1.0.0.58,LAX,北美洲,洛杉矶,184 ms
104.18.23.143,LAX,北美洲,洛杉矶,184 ms
1.1.1.124,LAX,北美洲,洛杉矶,184 ms
104.19.103.224,LAX,北美洲,洛杉矶,184 ms
1.1.1.138,LAX,北美洲,洛杉矶,184 ms
1.0.0.125,LAX,北美洲,洛杉矶,184 ms
1.1.1.106,LAX,北美洲,洛杉矶,184 ms
162.159.250.42,LAX,北美洲,洛杉矶,184 ms
172.64.158.45,LAX,北美洲,洛杉矶,184 ms
1.0.0.92,LAX,北美洲,洛杉矶,184 ms
104.25.2.117,LAX,北美洲,洛杉矶,184 ms
104.27.24.181,LAX,北美洲,洛杉矶,184 ms
104.25.129.229,LAX,北美洲,洛杉矶,184 ms
104.24.221.18,LAX,北美洲,洛杉矶,184 ms
1.1.1.239,LAX,北美洲,洛杉矶,184 ms
1.0.0.97,LAX,北美洲,洛杉矶,184 ms
1.0.0.89,LAX,北美洲,洛杉矶,184 ms
104.24.90.148,LAX,北美洲,洛杉矶,184 ms
162.159.11.22,LAX,北美洲,洛杉矶,184 ms
1.1.1.12,LAX,北美洲,洛杉矶,184 ms
104.24.175.227,LAX,北美洲,洛杉矶,184 ms
104.25.90.30,LAX,北美洲,洛杉矶,184 ms
104.25.72.213,LAX,北美洲,洛杉矶,184 ms
108.162.194.117,LAX,北美洲,洛杉矶,184 ms
1.1.1.65,LAX,北美洲,洛杉矶,184 ms
104.25.165.235,LAX,北美洲,洛杉矶,184 ms
181.214.1.154,LAX,北美洲,洛杉矶,184 ms
46.254.92.120,LAX,北美洲,洛杉矶,184 ms
104.27.8.135,LAX,北美洲,洛杉矶,184 ms
172.67.99.124,LAX,北美洲,洛杉矶,184 ms
188.42.88.142,LAX,北美洲,洛杉矶,184 ms
1.0.0.123,LAX,北美洲,洛杉矶,184 ms
1.1.1.56,LAX,北美洲,洛杉矶,184 ms
1.0.0.134,LAX,北美洲,洛杉矶,184 ms
5.10.246.172,LAX,北美洲,洛杉矶,184 ms
172.64.68.196,LAX,北美洲,洛杉矶,184 ms
104.19.61.181,LAX,北美洲,洛杉矶,184 ms
104.24.201.243,LAX,北美洲,洛杉矶,184 ms
104.25.118.21,LAX,北美洲,洛杉矶,184 ms
104.27.12.53,LAX,北美洲,洛杉矶,184 ms
1.1.1.245,LAX,北美洲,洛杉矶,184 ms
104.24.191.47,LAX,北美洲,洛杉矶,184 ms
172.64.144.69,LAX,北美洲,洛杉矶,184 ms
1.1.1.111,LAX,北美洲,洛杉矶,184 ms
104.19.113.122,LAX,北美洲,洛杉矶,184 ms
172.67.97.227,LAX,北美洲,洛杉矶,184 ms
1.0.0.249,LAX,北美洲,洛杉矶,184 ms
198.41.215.197,LAX,北美洲,洛杉矶,184 ms
198.41.223.53,LAX,北美洲,洛杉矶,184 ms
104.19.196.175,LAX,北美洲,洛杉矶,184 ms
1.0.0.8,LAX,北美洲,洛杉矶,184 ms
198.41.222.97,LAX,北美洲,洛杉矶,184 ms
104.25.252.46,LAX,北美洲,洛杉矶,184 ms
203.32.120.8,LAX,北美洲,洛杉矶,184 ms
172.64.33.1,LAX,北美洲,洛杉矶,184 ms
162.159.142.174,LAX,北美洲,洛杉矶,184 ms
1.1.1.147,LAX,北美洲,洛杉矶,184 ms
104.27.11.175,LAX,北美洲,洛杉矶,184 ms
1.0.0.17,LAX,北美洲,洛杉矶,184 ms
104.24.143.203,LAX,北美洲,洛杉矶,184 ms
104.19.69.35,LAX,北美洲,洛杉矶,184 ms
45.149.12.94,LAX,北美洲,洛杉矶,184 ms
104.24.64.83,LAX,北美洲,洛杉矶,184 ms
104.25.242.88,LAX,北美洲,洛杉矶,184 ms
45.159.219.136,LAX,北美洲,洛杉矶,184 ms
104.25.232.32,LAX,北美洲,洛杉矶,184 ms
193.227.99.97,LAX,北美洲,洛杉矶,184 ms
1.0.0.29,LAX,北美洲,洛杉矶,184 ms
1.1.1.125,LAX,北美洲,洛杉矶,184 ms
1.1.1.60,LAX,北美洲,洛杉矶,184 ms
162.159.194.112,LAX,北美洲,洛杉矶,184 ms
1.1.1.244,LAX,北美洲,洛杉矶,184 ms
1.1.1.102,LAX,北美洲,洛杉矶,185 ms
1.1.1.124,LAX,北美洲,洛杉矶,185 ms
1.0.0.69,LAX,北美洲,洛杉矶,185 ms
172.66.42.143,LAX,北美洲,洛杉矶,185 ms
1.1.1.54,LAX,北美洲,洛杉矶,185 ms
1.0.0.0,LAX,北美洲,洛杉矶,185 ms
1.1.1.162,LAX,北美洲,洛杉矶,185 ms
89.47.57.39,LAX,北美洲,洛杉矶,185 ms
1.1.1.149,LAX,北美洲,洛杉矶,185 ms
104.18.32.205,LAX,北美洲,洛杉矶,185 ms
1.1.1.124,LAX,北美洲,洛杉矶,185 ms
104.18.1.28,LAX,北美洲,洛杉矶,185 ms
104.18.3.74,LAX,北美洲,洛杉矶,185 ms
104.18.22.133,LAX,北美洲,洛杉矶,185 ms
103.21.244.23,LAX,北美洲,洛杉矶,185 ms
104.25.179.9,LAX,北美洲,洛杉矶,185 ms
104.25.234.127,LAX,北美洲,洛杉矶,185 ms
162.159.241.83,LAX,北美洲,洛杉矶,185 ms
5.10.245.114,LAX,北美洲,洛杉矶,185 ms
1.1.1.152,LAX,北美洲,洛杉矶,185 ms
104.20.46.183,LAX,北美洲,洛杉矶,185 ms
198.41.202.88,LAX,北美洲,洛杉矶,185 ms
104.18.17.171,LAX,北美洲,洛杉矶,185 ms
1.0.0.198,LAX,北美洲,洛杉矶,185 ms
172.67.107.28,LAX,北美洲,洛杉矶,185 ms
1.1.1.131,LAX,北美洲,洛杉矶,185 ms
1.0.0.25,LAX,北美洲,洛杉矶,185 ms
1.1.1.225,LAX,北美洲,洛杉矶,185 ms
104.25.173.111,LAX,北美洲,洛杉矶,185 ms
1.0.0.80,LAX,北美洲,洛杉矶,185 ms
45.131.5.179,LAX,北美洲,洛杉矶,185 ms
162.159.130.148,LAX,北美洲,洛杉矶,185 ms
104.27.86.60,LAX,北美洲,洛杉矶,185 ms
104.25.142.78,LAX,北美洲,洛杉矶,185 ms
198.41.193.35,LAX,北美洲,洛杉矶,185 ms
104.19.194.236,LAX,北美洲,洛杉矶,185 ms
1.0.0.255,LAX,北美洲,洛杉矶,185 ms
170.114.45.240,LAX,北美洲,洛杉矶,185 ms
104.20.39.203,LAX,北美洲,洛杉矶,185 ms
89.116.180.81,LAX,北美洲,洛杉矶,185 ms
104.19.54.236,LAX,北美洲,洛杉矶,185 ms
1.1.1.206,LAX,北美洲,洛杉矶,185 ms
1.0.0.74,LAX,北美洲,洛杉矶,185 ms
1.1.1.219,LAX,北美洲,洛杉矶,185 ms
104.24.38.236,LAX,北美洲,洛杉矶,185 ms
203.29.54.250,LAX,北美洲,洛杉矶,185 ms
1.0.0.141,LAX,北美洲,洛杉矶,185 ms
104.27.74.217,LAX,北美洲,洛杉矶,185 ms
1.0.0.38,LAX,北美洲,洛杉矶,185 ms
1.0.0.245,LAX,北美洲,洛杉矶,185 ms
104.27.59.6,LAX,北美洲,洛杉矶,185 ms
104.25.240.207,LAX,北美洲,洛杉矶,185 ms
104.25.227.154,LAX,北美洲,洛杉矶,185 ms
1.0.0.3,LAX,北美洲,洛杉矶,185 ms
1.1.1.40,LAX,北美洲,洛杉矶,185 ms
69.48.218.39,LAX,北美洲,洛杉矶,185 ms
104.19.118.6,LAX,北美洲,洛杉矶,185 ms
104.19.206.239,LAX,北美洲,洛杉矶,185 ms
1.0.0.226,LAX,北美洲,洛杉矶,185 ms
159.112.235.43,LAX,北美洲,洛杉矶,185 ms
1.1.1.244,LAX,北美洲,洛杉矶,185 ms
172.66.47.161,LAX,北美洲,洛杉矶,185 ms
172.66.44.100,LAX,北美洲,洛杉矶,185 ms
1.1.1.12,LAX,北美洲,洛杉矶,185 ms
1.1.1.251,LAX,北美洲,洛杉矶,185 ms
1.0.0.235,LAX,北美洲,洛杉矶,185 ms
1.1.1.166,LAX,北美洲,洛杉矶,185 ms
1.1.1.160,LAX,北美洲,洛杉矶,185 ms
104.25.237.234,LAX,北美洲,洛杉矶,185 ms
162.159.251.176,LAX,北美洲,洛杉矶,185 ms
104.27.50.254,LAX,北美洲,洛杉矶,186 ms
1.1.1.52,LAX,北美洲,洛杉矶,186 ms
104.24.46.87,LAX,北美洲,洛杉矶,186 ms
162.159.249.36,LAX,北美洲,洛杉矶,186 ms
104.25.74.42,LAX,北美洲,洛杉矶,186 ms
1.0.0.164,LAX,北美洲,洛杉矶,186 ms
1.0.0.165,LAX,北美洲,洛杉矶,186 ms
104.18.28.88,LAX,北美洲,洛杉矶,186 ms
172.64.156.166,LAX,北美洲,洛杉矶,186 ms
1.1.1.121,LAX,北美洲,洛杉矶,186 ms
1.1.1.128,LAX,北美洲,洛杉矶,186 ms
1.1.1.167,LAX,北美洲,洛杉矶,186 ms
172.67.90.52,LAX,北美洲,洛杉矶,186 ms
1.1.1.238,LAX,北美洲,洛杉矶,186 ms
1.0.0.147,LAX,北美洲,洛杉矶,186 ms
1.0.0.107,LAX,北美洲,洛杉矶,186 ms
103.169.142.101,LAX,北美洲,洛杉矶,186 ms
104.27.54.122,LAX,北美洲,洛杉矶,186 ms
1.0.0.66,LAX,北美洲,洛杉矶,186 ms
1.0.0.207,LAX,北美洲,洛杉矶,186 ms
162.159.49.200,LAX,北美洲,洛杉矶,186 ms
172.64.176.95,LAX,北美洲,洛杉矶,186 ms
104.24.31.151,LAX,北美洲,洛杉矶,186 ms
45.131.7.95,LAX,北美洲,洛杉矶,186 ms
1.0.0.87,LAX,北美洲,洛杉矶,186 ms
104.25.139.124,LAX,北美洲,洛杉矶,186 ms
104.25.82.213,LAX,北美洲,洛杉矶,186 ms
1.0.0.87,LAX,北美洲,洛杉矶,186 ms
1.1.1.11,LAX,北美洲,洛杉矶,186 ms
1.0.0.161,LAX,北美洲,洛杉矶,186 ms
1.1.1.169,LAX,北美洲,洛杉矶,186 ms
104.24.63.96,LAX,北美洲,洛杉矶,186 ms
162.159.244.136,LAX,北美洲,洛杉矶,186 ms
172.64.53.120,LAX,北美洲,洛杉矶,186 ms
162.159.138.175,LAX,北美洲,洛杉矶,186 ms
188.164.159.187,LAX,北美洲,洛杉矶,186 ms
1.0.0.71,LAX,北美洲,洛杉矶,186 ms
188.42.89.154,LAX,北美洲,洛杉矶,186 ms
1.1.1.199,LAX,北美洲,洛杉矶,186 ms
1.1.1.62,LAX,北美洲,洛杉矶,186 ms
1.1.1.192,LAX,北美洲,洛杉矶,186 ms
1.1.1.30,LAX,北美洲,洛杉矶,186 ms
104.24.196.43,LAX,北美洲,洛杉矶,186 ms
23.247.163.142,LAX,北美洲,洛杉矶,186 ms
1.0.0.128,LAX,北美洲,洛杉矶,186 ms
162.159.61.243,LAX,北美洲,洛杉矶,186 ms
104.19.89.18,LAX,北美洲,洛杉矶,186 ms
104.25.216.35,LAX,北美洲,洛杉矶,186 ms
162.159.48.118,LAX,北美洲,洛杉矶,186 ms
1.1.1.238,LAX,北美洲,洛杉矶,186 ms
162.159.24.243,LAX,北美洲,洛杉矶,186 ms
1.0.0.194,LAX,北美洲,洛杉矶,186 ms
1.0.0.230,LAX,北美洲,洛杉矶,186 ms
104.19.114.42,LAX,北美洲,洛杉矶,186 ms
45.12.31.113,LAX,北美洲,洛杉矶,186 ms
104.25.1.42,LAX,北美洲,洛杉矶,186 ms
162.159.245.87,LAX,北美洲,洛杉矶,186 ms
1.0.0.191,LAX,北美洲,洛杉矶,186 ms
162.159.43.39,LAX,北美洲,洛杉矶,186 ms
1.1.1.85,LAX,北美洲,洛杉矶,186 ms
1.0.0.225,LAX,北美洲,洛杉矶,186 ms
198.41.192.230,LAX,北美洲,洛杉矶,187 ms
1.0.0.151,LAX,北美洲,洛杉矶,187 ms
1.1.1.201,LAX,北美洲,洛杉矶,187 ms
104.19.39.65,LAX,北美洲,洛杉矶,187 ms
1.1.1.156,LAX,北美洲,洛杉矶,187 ms
203.13.32.2,LAX,北美洲,洛杉矶,187 ms
104.24.137.169,LAX,北美洲,洛杉矶,187 ms
104.26.6.137,HKG,亚太地区,香港,187 ms
104.18.50.109,LAX,北美洲,洛杉矶,187 ms
198.41.206.247,LAX,北美洲,洛杉矶,187 ms
1.1.1.105,LAX,北美洲,洛杉矶,187 ms
1.0.0.176,LAX,北美洲,洛杉矶,187 ms
172.64.145.14,LAX,北美洲,洛杉矶,187 ms
185.193.29.64,LAX,北美洲,洛杉矶,187 ms
1.0.0.190,LAX,北美洲,洛杉矶,187 ms
156.252.2.89,LAX,北美洲,洛杉矶,187 ms
86.38.214.165,LAX,北美洲,洛杉矶,187 ms
1.1.1.157,LAX,北美洲,洛杉矶,187 ms
104.18.128.170,SJC,北美洲,圣何塞,187 ms
172.64.147.145,LAX,北美洲,洛杉矶,187 ms
1.1.1.11,LAX,北美洲,洛杉矶,187 ms
45.135.235.138,LAX,北美洲,洛杉矶,187 ms
1.0.0.205,LAX,北美洲,洛杉矶,187 ms
1.1.1.95,LAX,北美洲,洛杉矶,187 ms
104.25.36.57,LAX,北美洲,洛杉矶,187 ms
1.0.0.64,LAX,北美洲,洛杉矶,187 ms
104.24.227.91,LAX,北美洲,洛杉矶,187 ms
1.0.0.13,LAX,北美洲,洛杉矶,187 ms
1.0.0.112,LAX,北美洲,洛杉矶,187 ms
162.120.94.128,LAX,北美洲,洛杉矶,187 ms
1.1.1.66,LAX,北美洲,洛杉矶,187 ms
1.1.1.184,LAX,北美洲,洛杉矶,187 ms
104.18.20.144,LAX,北美洲,洛杉矶,187 ms
1.0.0.224,LAX,北美洲,洛杉矶,187 ms
104.17.178.102,SJC,北美洲,圣何塞,187 ms
104.24.19.13,LAX,北美洲,洛杉矶,187 ms
185.162.228.41,LAX,北美洲,洛杉矶,187 ms
104.19.233.98,SJC,北美洲,圣何塞,187 ms
1.0.0.219,LAX,北美洲,洛杉矶,187 ms
1.1.1.77,LAX,北美洲,洛杉矶,187 ms
1.0.0.177,LAX,北美洲,洛杉矶,187 ms
104.24.224.110,LAX,北美洲,洛杉矶,187 ms
91.193.58.175,LAX,北美洲,洛杉矶,187 ms
104.27.99.129,LAX,北美洲,洛杉矶,187 ms
104.25.25.97,LAX,北美洲,洛杉矶,187 ms
162.159.36.138,LAX,北美洲,洛杉矶,187 ms
1.0.0.196,LAX,北美洲,洛杉矶,187 ms
193.9.49.51,LAX,北美洲,洛杉矶,187 ms
8.39.204.81,LAX,北美洲,洛杉矶,187 ms
104.25.174.73,LAX,北美洲,洛杉矶,187 ms
162.159.18.85,LAX,北美洲,洛杉矶,187 ms
104.19.112.41,LAX,北美洲,洛杉矶,187 ms
1.0.0.87,LAX,北美洲,洛杉矶,187 ms
104.17.224.187,SJC,北美洲,圣何塞,187 ms
185.59.218.220,LAX,北美洲,洛杉矶,187 ms
1.0.0.8,LAX,北美洲,洛杉矶,187 ms
104.18.232.46,SJC,北美洲,圣何塞,187 ms
104.16.120.3,SJC,北美洲,圣何塞,187 ms
104.19.81.222,LAX,北美洲,洛杉矶,187 ms
162.159.254.232,LAX,北美洲,洛杉矶,187 ms
104.17.99.206,SJC,北美洲,圣何塞,187 ms
104.19.123.219,LAX,北美洲,洛杉矶,188 ms
1.1.1.11,LAX,北美洲,洛杉矶,188 ms
104.18.13.161,LAX,北美洲,洛杉矶,188 ms
1.0.0.248,LAX,北美洲,洛杉矶,188 ms
104.25.169.146,LAX,北美洲,洛杉矶,188 ms
1.1.1.158,LAX,北美洲,洛杉矶,188 ms
1.0.0.20,LAX,北美洲,洛杉矶,188 ms
172.67.103.1,LAX,北美洲,洛杉矶,188 ms
203.32.121.220,LAX,北美洲,洛杉矶,188 ms
1.1.1.227,LAX,北美洲,洛杉矶,188 ms
104.25.192.66,LAX,北美洲,洛杉矶,188 ms
104.18.2.144,LAX,北美洲,洛杉矶,188 ms
1.0.0.109,LAX,北美洲,洛杉矶,188 ms
104.24.23.11,LAX,北美洲,洛杉矶,188 ms
1.1.1.11,LAX,北美洲,洛杉矶,188 ms
203.29.52.209,LAX,北美洲,洛杉矶,188 ms
1.1.1.107,LAX,北美洲,洛杉矶,188 ms
1.0.0.40,LAX,北美洲,洛杉矶,188 ms
104.25.58.133,LAX,北美洲,洛杉矶,188 ms
1.1.1.121,LAX,北美洲,洛杉矶,188 ms
104.20.38.91,LAX,北美洲,洛杉矶,188 ms
1.0.0.132,LAX,北美洲,洛杉矶,188 ms
104.18.45.146,LAX,北美洲,洛杉矶,188 ms
1.0.0.89,LAX,北美洲,洛杉矶,188 ms
23.227.60.227,LAX,北美洲,洛杉矶,188 ms
1.1.1.107,LAX,北美洲,洛杉矶,188 ms
104.25.205.36,LAX,北美洲,洛杉矶,188 ms
172.67.127.90,LAX,北美洲,洛杉矶,188 ms
104.24.69.174,LAX,北美洲,洛杉矶,188 ms
172.64.230.98,LAX,北美洲,洛杉矶,188 ms
1.1.1.76,LAX,北美洲,洛杉矶,188 ms
1.1.1.222,LAX,北美洲,洛杉矶,188 ms
104.25.189.9,LAX,北美洲,洛杉矶,188 ms
1.1.1.196,LAX,北美洲,洛杉矶,188 ms
104.27.14.162,LAX,北美洲,洛杉矶,188 ms
1.1.1.50,LAX,北美洲,洛杉矶,188 ms
1.0.0.35,LAX,北美洲,洛杉矶,188 ms
172.66.41.189,LAX,北美洲,洛杉矶,188 ms
104.24.53.231,LAX,北美洲,洛杉矶,188 ms
1.0.0.40,LAX,北美洲,洛杉矶,188 ms
104.18.4.142,LAX,北美洲,洛杉矶,188 ms
203.55.107.123,LAX,北美洲,洛杉矶,188 ms
141.11.203.83,LAX,北美洲,洛杉矶,188 ms
141.193.213.84,LAX,北美洲,洛杉矶,188 ms
104.24.16.26,LAX,北美洲,洛杉矶,188 ms
162.159.212.29,SEA,北美洲,西雅图,188 ms
1.0.0.100,LAX,北美洲,洛杉矶,188 ms
162.159.134.181,LAX,北美洲,洛杉矶,188 ms
162.159.141.25,LAX,北美洲,洛杉矶,188 ms
104.129.166.67,LAX,北美洲,洛杉矶,188 ms
1.1.1.244,LAX,北美洲,洛杉矶,188 ms
104.24.45.202,LAX,北美洲,洛杉矶,188 ms
104.20.11.234,LAX,北美洲,洛杉矶,188 ms
104.24.172.128,LAX,北美洲,洛杉矶,188 ms
104.18.44.227,LAX,北美洲,洛杉矶,189 ms
154.197.108.61,LAX,北美洲,洛杉矶,189 ms
198.41.207.153,LAX,北美洲,洛杉矶,189 ms
104.18.59.137,LAX,北美洲,洛杉矶,189 ms
45.131.208.216,LAX,北美洲,洛杉矶,189 ms
198.41.198.47,LAX,北美洲,洛杉矶,189 ms
1.1.1.231,LAX,北美洲,洛杉矶,189 ms
198.217.251.30,LAX,北美洲,洛杉矶,189 ms
23.227.38.152,LAX,北美洲,洛杉矶,189 ms
162.159.152.56,LAX,北美洲,洛杉矶,189 ms
104.27.61.192,LAX,北美洲,洛杉矶,189 ms
172.64.155.213,LAX,北美洲,洛杉矶,189 ms
172.67.124.152,LAX,北美洲,洛杉矶,189 ms
104.24.49.240,LAX,北美洲,洛杉矶,189 ms
1.0.0.28,LAX,北美洲,洛杉矶,189 ms
1.0.0.58,LAX,北美洲,洛杉矶,189 ms
1.1.1.211,LAX,北美洲,洛杉矶,189 ms
1.1.1.13,LAX,北美洲,洛杉矶,189 ms
104.27.62.19,LAX,北美洲,洛杉矶,189 ms
203.22.241.164,LAX,北美洲,洛杉矶,189 ms
104.18.11.50,LAX,北美洲,洛杉矶,189 ms
104.18.43.128,LAX,北美洲,洛杉矶,189 ms
1.0.0.207,LAX,北美洲,洛杉矶,189 ms
172.66.1.251,LAX,北美洲,洛杉矶,189 ms
104.20.36.83,LAX,北美洲,洛杉矶,189 ms
185.146.173.158,LAX,北美洲,洛杉矶,189 ms
1.1.1.111,LAX,北美洲,洛杉矶,189 ms
1.1.1.94,LAX,北美洲,洛杉矶,189 ms
104.25.211.222,LAX,北美洲,洛杉矶,189 ms
162.159.62.122,LAX,北美洲,洛杉矶,189 ms
185.38.135.159,LAX,北美洲,洛杉矶,189 ms
104.19.4.76,LAX,北美洲,洛杉矶,189 ms
172.64.32.158,LAX,北美洲,洛杉矶,189 ms
147.185.161.67,LAX,北美洲,洛杉矶,189 ms
77.75.199.165,LAX,北美洲,洛杉矶,189 ms
167.68.11.168,LAX,北美洲,洛杉矶,189 ms
1.1.1.107,LAX,北美洲,洛杉矶,189 ms
104.24.81.196,LAX,北美洲,洛杉矶,189 ms
1.0.0.176,LAX,北美洲,洛杉矶,189 ms
104.254.140.46,LAX,北美洲,洛杉矶,190 ms
1.1.1.86,LAX,北美洲,洛杉矶,190 ms
203.30.191.180,LAX,北美洲,洛杉矶,190 ms
1.1.1.246,LAX,北美洲,洛杉矶,190 ms
209.46.30.163,LAX,北美洲,洛杉矶,190 ms
162.159.252.122,LAX,北美洲,洛杉矶,190 ms
104.24.12.210,LAX,北美洲,洛杉矶,190 ms
104.25.225.6,LAX,北美洲,洛杉矶,190 ms
1.1.1.98,LAX,北美洲,洛杉矶,190 ms
104.24.58.253,LAX,北美洲,洛杉矶,190 ms
104.19.36.170,LAX,北美洲,洛杉矶,190 ms
198.41.203.2,LAX,北美洲,洛杉矶,190 ms
104.18.10.126,LAX,北美洲,洛杉矶,190 ms
1.1.1.138,LAX,北美洲,洛杉矶,190 ms
162.159.137.20,LAX,北美洲,洛杉矶,190 ms
1.0.0.185,LAX,北美洲,洛杉矶,190 ms
1.0.0.106,LAX,北美洲,洛杉矶,190 ms
1.1.1.93,LAX,北美洲,洛杉矶,190 ms
104.27.27.21,LAX,北美洲,洛杉矶,190 ms
104.24.251.232,LAX,北美洲,洛杉矶,190 ms
195.245.221.200,LAX,北美洲,洛杉矶,190 ms
1.1.1.144,LAX,北美洲,洛杉矶,190 ms
104.24.72.197,LAX,北美洲,洛杉矶,190 ms
1.0.0.183,LAX,北美洲,洛杉矶,190 ms
1.1.1.210,LAX,北美洲,洛杉矶,190 ms
205.233.181.235,LAX,北美洲,洛杉矶,190 ms
104.18.15.241,LAX,北美洲,洛杉矶,190 ms
1.0.0.135,LAX,北美洲,洛杉矶,190 ms
216.205.52.244,LAX,北美洲,洛杉矶,190 ms
1.1.1.7,LAX,北美洲,洛杉矶,190 ms
1.1.1.122,LAX,北美洲,洛杉矶,190 ms
1.1.1.77,LAX,北美洲,洛杉矶,190 ms
1.1.1.140,LAX,北美洲,洛杉矶,190 ms
1.0.0.96,LAX,北美洲,洛杉矶,190 ms
1.0.0.95,LAX,北美洲,洛杉矶,190 ms
104.24.44.165,LAX,北美洲,洛杉矶,190 ms
1.1.1.36,LAX,北美洲,洛杉矶,190 ms
104.24.78.129,LAX,北美洲,洛杉矶,190 ms
1.1.1.84,LAX,北美洲,洛杉矶,190 ms
104.25.221.133,LAX,北美洲,洛杉矶,190 ms
162.159.135.26,LAX,北美洲,洛杉矶,190 ms
154.197.88.104,LAX,北美洲,洛杉矶,190 ms
162.159.40.77,LAX,北美洲,洛杉矶,190 ms
104.19.120.79,LAX,北美洲,洛杉矶,190 ms
93.114.65.249,LAX,北美洲,洛杉矶,190 ms
1.0.0.225,LAX,北美洲,洛杉矶,190 ms
1.0.0.30,LAX,北美洲,洛杉矶,190 ms
104.18.8.22,LAX,北美洲,洛杉矶,190 ms
1.0.0.203,LAX,北美洲,洛杉矶,190 ms
1.1.1.70,LAX,北美洲,洛杉矶,190 ms
1.1.1.79,LAX,北美洲,洛杉矶,190 ms
172.67.106.176,LAX,北美洲,洛杉矶,190 ms
104.24.169.190,LAX,北美洲,洛杉矶,190 ms
104.19.205.249,LAX,北美洲,洛杉矶,190 ms
1.1.1.7,LAX,北美洲,洛杉矶,191 ms
162.159.60.217,LAX,北美洲,洛杉矶,191 ms
5.10.247.73,LAX,北美洲,洛杉矶,191 ms
104.25.54.42,LAX,北美洲,洛杉矶,191 ms
1.0.0.157,LAX,北美洲,洛杉矶,191 ms
104.27.77.230,LAX,北美洲,洛杉矶,191 ms
104.18.12.231,LAX,北美洲,洛杉矶,191 ms
1.1.1.195,LAX,北美洲,洛杉矶,191 ms
104.25.236.205,LAX,北美洲,洛杉矶,191 ms
1.0.0.165,LAX,北美洲,洛杉矶,191 ms
104.24.37.227,LAX,北美洲,洛杉矶,191 ms
172.64.234.153,DEN,北美洲,丹佛,191 ms
172.64.72.51,SEA,北美洲,西雅图,191 ms
1.0.0.172,LAX,北美洲,洛杉矶,191 ms
1.0.0.96,LAX,北美洲,洛杉矶,191 ms
154.194.12.95,LAX,北美洲,洛杉矶,191 ms
104.25.19.137,LAX,北美洲,洛杉矶,191 ms
1.0.0.100,LAX,北美洲,洛杉矶,191 ms
104.20.52.45,LAX,北美洲,洛杉矶,191 ms
1.1.1.237,LAX,北美洲,洛杉矶,191 ms
172.67.118.87,LAX,北美洲,洛杉矶,191 ms
162.159.2.82,LAX,北美洲,洛杉矶,191 ms
162.159.16.39,LAX,北美洲,洛杉矶,191 ms
1.0.0.47,LAX,北美洲,洛杉矶,191 ms
1.1.1.246,LAX,北美洲,洛杉矶,191 ms
104.25.199.135,LAX,北美洲,洛杉矶,191 ms
194.53.53.6,LAX,北美洲,洛杉矶,191 ms
104.27.56.87,LAX,北美洲,洛杉矶,191 ms
104.24.11.188,LAX,北美洲,洛杉矶,191 ms
104.20.9.238,LAX,北美洲,洛杉矶,191 ms
104.27.26.159,LAX,北美洲,洛杉矶,191 ms
1.0.0.60,LAX,北美洲,洛杉矶,191 ms
1.1.1.28,LAX,北美洲,洛杉矶,191 ms
172.64.96.228,SEA,北美洲,西雅图,191 ms
92.53.188.55,LAX,北美洲,洛杉矶,191 ms
185.193.30.226,LAX,北美洲,洛杉矶,191 ms
1.1.1.47,LAX,北美洲,洛杉矶,191 ms
1.1.1.232,LAX,北美洲,洛杉矶,191 ms
162.159.12.103,LAX,北美洲,洛杉矶,191 ms
1.0.0.60,LAX,北美洲,洛杉矶,191 ms
1.0.0.87,LAX,北美洲,洛杉矶,191 ms
173.245.58.16,LAX,北美洲,洛杉矶,191 ms
1.0.0.167,LAX,北美洲,洛杉矶,191 ms
1.0.0.228,LAX,北美洲,洛杉矶,191 ms
172.64.35.21,LAX,北美洲,洛杉矶,191 ms
104.24.206.133,LAX,北美洲,洛杉矶,191 ms
1.1.1.67,LAX,北美洲,洛杉矶,191 ms
1.0.0.37,LAX,北美洲,洛杉矶,191 ms
104.25.107.7,LAX,北美洲,洛杉矶,191 ms
172.64.50.31,LAX,北美洲,洛杉矶,191 ms
154.92.9.69,LAX,北美洲,洛杉矶,191 ms
176.124.223.42,LAX,北美洲,洛杉矶,191 ms
1.1.1.29,LAX,北美洲,洛杉矶,191 ms
1.0.0.217,LAX,北美洲,洛杉矶,191 ms
104.24.161.52,LAX,北美洲,洛杉矶,191 ms
1.0.0.158,LAX,北美洲,洛杉矶,192 ms
1.0.0.145,LAX,北美洲,洛杉矶,192 ms
1.0.0.214,LAX,北美洲,洛杉矶,192 ms
1.0.0.74,LAX,北美洲,洛杉矶,192 ms
1.0.0.227,LAX,北美洲,洛杉矶,192 ms
162.159.7.206,LAX,北美洲,洛杉矶,192 ms
172.67.95.109,LAX,北美洲,洛杉矶,192 ms
104.27.60.255,LAX,北美洲,洛杉矶,192 ms
162.159.45.232,LAX,北美洲,洛杉矶,192 ms
103.11.214.173,LAX,北美洲,洛杉矶,192 ms
14.102.228.17,LAX,北美洲,洛杉矶,192 ms
104.25.39.166,LAX,北美洲,洛杉矶,192 ms
104.27.82.242,LAX,北美洲,洛杉矶,192 ms
104.27.102.17,LAX,北美洲,洛杉矶,192 ms
104.19.41.96,LAX,北美洲,洛杉矶,192 ms
162.159.25.122,LAX,北美洲,洛杉矶,192 ms
104.18.37.205,LAX,北美洲,洛杉矶,192 ms
199.181.197.81,LAX,北美洲,洛杉矶,192 ms
1.0.0.87,LAX,北美洲,洛杉矶,192 ms
1.0.0.203,LAX,北美洲,洛杉矶,192 ms
1.0.0.240,LAX,北美洲,洛杉矶,192 ms
1.0.0.214,LAX,北美洲,洛杉矶,192 ms
203.24.108.104,LAX,北美洲,洛杉矶,192 ms
162.159.39.183,LAX,北美洲,洛杉矶,192 ms
1.1.1.168,LAX,北美洲,洛杉矶,192 ms
1.1.1.117,LAX,北美洲,洛杉矶,192 ms
1.0.0.35,LAX,北美洲,洛杉矶,192 ms
1.1.1.70,LAX,北美洲,洛杉矶,192 ms
104.18.63.182,LAX,北美洲,洛杉矶,192 ms
1.1.1.35,LAX,北美洲,洛杉矶,192 ms
141.11.202.116,LAX,北美洲,洛杉矶,192 ms
104.20.1.190,LAX,北美洲,洛杉矶,192 ms
1.1.1.193,LAX,北美洲,洛杉矶,192 ms
1.1.1.248,LAX,北美洲,洛杉矶,192 ms
5.10.244.85,LAX,北美洲,洛杉矶,192 ms
104.24.230.70,LAX,北美洲,洛杉矶,192 ms
104.20.13.253,LAX,北美洲,洛杉矶,192 ms
195.85.59.117,LAX,北美洲,洛杉矶,192 ms
1.1.1.34,LAX,北美洲,洛杉矶,192 ms
203.22.223.130,LAX,北美洲,洛杉矶,192 ms
31.43.179.250,LAX,北美洲,洛杉矶,192 ms
203.34.28.117,LAX,北美洲,洛杉矶,192 ms
1.0.0.169,LAX,北美洲,洛杉矶,192 ms
185.193.28.140,LAX,北美洲,洛杉矶,192 ms
104.27.63.5,LAX,北美洲,洛杉矶,192 ms
172.67.88.8,LAX,北美洲,洛杉矶,192 ms
45.194.53.25,LAX,北美洲,洛杉矶,192 ms
104.27.71.174,LAX,北美洲,洛杉矶,192 ms
45.159.216.68,LAX,北美洲,洛杉矶,192 ms
172.64.41.69,LAX,北美洲,洛杉矶,192 ms
1.1.1.211,LAX,北美洲,洛杉矶,192 ms
1.1.1.34,LAX,北美洲,洛杉矶,192 ms
1.1.1.153,LAX,北美洲,洛杉矶,192 ms
104.18.49.34,LAX,北美洲,洛杉矶,192 ms
104.27.19.71,LAX,北美洲,洛杉矶,192 ms
1.0.0.203,LAX,北美洲,洛杉矶,192 ms
8.35.211.240,LAX,北美洲,洛杉矶,192 ms
172.67.80.84,LAX,北美洲,洛杉矶,192 ms
1.1.1.57,LAX,北美洲,洛杉矶,192 ms
1.1.1.105,LAX,北美洲,洛杉矶,192 ms
104.18.6.150,LAX,北美洲,洛杉矶,192 ms
162.159.196.169,LAX,北美洲,洛杉矶,193 ms
1.1.1.121,LAX,北美洲,洛杉矶,193 ms
104.27.3.54,LAX,北美洲,洛杉矶,193 ms
104.25.45.228,LAX,北美洲,洛杉矶,193 ms
1.1.1.66,LAX,北美洲,洛杉矶,193 ms
1.1.1.116,LAX,北美洲,洛杉矶,193 ms
1.0.0.52,LAX,北美洲,洛杉矶,193 ms
172.65.197.187,LAX,北美洲,洛杉矶,193 ms
185.162.231.25,LAX,北美洲,洛杉矶,193 ms
192.133.11.145,LAX,北美洲,洛杉矶,193 ms
89.47.56.196,LAX,北美洲,洛杉矶,193 ms
1.0.0.213,LAX,北美洲,洛杉矶,193 ms
1.1.1.244,LAX,北美洲,洛杉矶,193 ms
1.0.0.65,LAX,北美洲,洛杉矶,193 ms
104.25.145.189,LAX,北美洲,洛杉矶,193 ms
172.64.146.46,LAX,北美洲,洛杉矶,193 ms
198.41.211.239,LAX,北美洲,洛杉矶,193 ms
1.0.0.171,LAX,北美洲,洛杉矶,193 ms
104.27.109.220,LAX,北美洲,洛杉矶,193 ms
104.27.92.21,LAX,北美洲,洛杉矶,193 ms
104.27.105.94,LAX,北美洲,洛杉矶,193 ms
172.66.2.36,LAX,北美洲,洛杉矶,193 ms
1.0.0.138,LAX,北美洲,洛杉矶,193 ms
196.207.45.239,LAX,北美洲,洛杉矶,193 ms
1.0.0.11,LAX,北美洲,洛杉矶,193 ms
1.0.0.222,LAX,北美洲,洛杉矶,193 ms
1.0.0.145,LAX,北美洲,洛杉矶,193 ms
1.0.0.246,LAX,北美洲,洛杉矶,193 ms
104.25.84.141,LAX,北美洲,洛杉矶,193 ms
1.1.1.27,LAX,北美洲,洛杉矶,193 ms
1.1.1.125,LAX,北美洲,洛杉矶,193 ms
172.64.52.59,LAX,北美洲,洛杉矶,193 ms
104.19.23.76,LAX,北美洲,洛杉矶,193 ms
104.19.202.103,LAX,北美洲,洛杉矶,193 ms
203.23.104.154,LAX,北美洲,洛杉矶,193 ms
104.24.129.241,LAX,北美洲,洛杉矶,193 ms
1.1.1.241,LAX,北美洲,洛杉矶,193 ms
195.85.23.242,LAX,北美洲,洛杉矶,193 ms
102.177.189.29,LAX,北美洲,洛杉矶,193 ms
1.0.0.65,LAX,北美洲,洛杉矶,193 ms
104.19.63.236,LAX,北美洲,洛杉矶,193 ms
1.0.0.203,LAX,北美洲,洛杉矶,193 ms
104.27.36.25,LAX,北美洲,洛杉矶,193 ms
1.0.0.241,LAX,北美洲,洛杉矶,193 ms
104.25.255.106,LAX,北美洲,洛杉矶,194 ms
1.1.1.81,LAX,北美洲,洛杉矶,194 ms
1.0.0.80,LAX,北美洲,洛杉矶,194 ms
185.170.166.186,LAX,北美洲,洛杉矶,194 ms
104.19.71.1,LAX,北美洲,洛杉矶,194 ms
172.67.111.121,LAX,北美洲,洛杉矶,194 ms
104.25.34.105,LAX,北美洲,洛杉矶,194 ms
1.1.1.12,LAX,北美洲,洛杉矶,194 ms
1.0.0.92,LAX,北美洲,洛杉矶,194 ms
1.0.0.232,LAX,北美洲,洛杉矶,194 ms
1.1.1.16,LAX,北美洲,洛杉矶,194 ms
102.177.176.171,LAX,北美洲,洛杉矶,194 ms
198.41.216.154,LAX,北美洲,洛杉矶,194 ms
1.1.1.53,LAX,北美洲,洛杉矶,194 ms
104.18.34.133,LAX,北美洲,洛杉矶,194 ms
172.64.150.155,LAX,北美洲,洛杉矶,194 ms
62.72.166.88,LAX,北美洲,洛杉矶,194 ms
1.1.1.122,LAX,北美洲,洛杉矶,194 ms
198.41.194.61,LAX,北美洲,洛杉矶,194 ms
1.0.0.212,LAX,北美洲,洛杉矶,194 ms
104.19.73.91,LAX,北美洲,洛杉矶,194 ms
1.1.1.44,LAX,北美洲,洛杉矶,194 ms
198.41.214.120,LAX,北美洲,洛杉矶,194 ms
1.0.0.73,LAX,北美洲,洛杉矶,194 ms
104.25.62.217,LAX,北美洲,洛杉矶,194 ms
1.0.0.158,LAX,北美洲,洛杉矶,194 ms
104.25.244.132,LAX,北美洲,洛杉矶,194 ms
8.34.70.14,LAX,北美洲,洛杉矶,194 ms
104.18.26.2,LAX,北美洲,洛杉矶,194 ms
1.0.0.59,LAX,北美洲,洛杉矶,194 ms
104.19.6.10,LAX,北美洲,洛杉矶,194 ms
104.25.191.109,LAX,北美洲,洛杉矶,194 ms
188.42.145.168,LAX,北美洲,洛杉矶,194 ms
1.0.0.137,LAX,北美洲,洛杉矶,194 ms
104.25.89.52,LAX,北美洲,洛杉矶,194 ms
8.47.69.232,LAX,北美洲,洛杉矶,194 ms
104.25.198.210,LAX,北美洲,洛杉矶,194 ms
104.18.35.20,LAX,北美洲,洛杉矶,194 ms
1.0.0.166,LAX,北美洲,洛杉矶,194 ms
104.31.16.151,LAX,北美洲,洛杉矶,194 ms
154.197.121.72,LAX,北美洲,洛杉矶,194 ms
104.27.70.101,LAX,北美洲,洛杉矶,194 ms
104.18.51.44,LAX,北美洲,洛杉矶,194 ms
31.12.75.73,LAX,北美洲,洛杉矶,194 ms
1.0.0.182,LAX,北美洲,洛杉矶,194 ms
1.1.1.195,LAX,北美洲,洛杉矶,194 ms
104.25.220.157,LAX,北美洲,洛杉矶,195 ms
104.27.94.189,LAX,北美洲,洛杉矶,195 ms
1.1.1.191,LAX,北美洲,洛杉矶,195 ms
172.83.72.94,LAX,北美洲,洛杉矶,195 ms
196.13.241.110,LAX,北美洲,洛杉矶,195 ms
104.27.66.181,LAX,北美洲,洛杉矶,195 ms
1.0.0.176,LAX,北美洲,洛杉矶,195 ms
1.0.0.221,LAX,北美洲,洛杉矶,195 ms
1.1.1.246,LAX,北美洲,洛杉矶,195 ms
1.1.1.211,LAX,北美洲,洛杉矶,195 ms
88.216.67.51,LAX,北美洲,洛杉矶,195 ms
104.25.158.203,LAX,北美洲,洛杉矶,195 ms
1.1.1.190,LAX,北美洲,洛杉矶,195 ms
104.27.107.251,LAX,北美洲,洛杉矶,195 ms
104.18.33.47,LAX,北美洲,洛杉矶,195 ms
1.1.1.190,LAX,北美洲,洛杉矶,195 ms
188.244.122.215,LAX,北美洲,洛杉矶,195 ms
104.19.207.79,LAX,北美洲,洛杉矶,195 ms
1.0.0.122,LAX,北美洲,洛杉矶,195 ms
104.27.13.232,LAX,北美洲,洛杉矶,195 ms
104.24.163.90,LAX,北美洲,洛杉矶,195 ms
104.25.5.197,LAX,北美洲,洛杉矶,195 ms
185.148.105.166,LAX,北美洲,洛杉矶,195 ms
104.24.220.108,LAX,北美洲,洛杉矶,195 ms
1.1.1.39,LAX,北美洲,洛杉矶,195 ms
1.1.1.214,LAX,北美洲,洛杉矶,195 ms
104.27.23.235,LAX,北美洲,洛杉矶,195 ms
104.24.32.2,LAX,北美洲,洛杉矶,195 ms
1.1.1.203,LAX,北美洲,洛杉矶,195 ms
103.172.111.154,LAX,北美洲,洛杉矶,195 ms
1.0.0.246,LAX,北美洲,洛杉矶,195 ms
1.1.1.215,LAX,北美洲,洛杉矶,196 ms
1.1.1.32,LAX,北美洲,洛杉矶,196 ms
104.27.43.248,LAX,北美洲,洛杉矶,196 ms
1.0.0.157,LAX,北美洲,洛杉矶,196 ms
1.1.1.81,LAX,北美洲,洛杉矶,196 ms
1.1.1.205,LAX,北美洲,洛杉矶,196 ms
104.24.145.156,LAX,北美洲,洛杉矶,196 ms
1.1.1.93,LAX,北美洲,洛杉矶,196 ms
194.113.223.128,LAX,北美洲,洛杉矶,196 ms
1.1.1.244,LAX,北美洲,洛杉矶,196 ms
104.20.53.4,LAX,北美洲,洛杉矶,196 ms
104.18.55.53,LAX,北美洲,洛杉矶,196 ms
1.1.1.247,LAX,北美洲,洛杉矶,196 ms
1.0.0.225,LAX,北美洲,洛杉矶,196 ms
92.243.74.103,LAX,北美洲,洛杉矶,196 ms
104.27.57.205,LAX,北美洲,洛杉矶,196 ms
104.18.52.184,LAX,北美洲,洛杉矶,196 ms
104.24.76.131,LAX,北美洲,洛杉矶,196 ms
162.159.5.249,LAX,北美洲,洛杉矶,196 ms
104.24.55.112,LAX,北美洲,洛杉矶,196 ms
154.202.89.119,LAX,北美洲,洛杉矶,196 ms
104.27.104.219,LAX,北美洲,洛杉矶,196 ms
167.68.42.253,LAX,北美洲,洛杉矶,197 ms
1.1.1.255,LAX,北美洲,洛杉矶,197 ms
162.159.9.77,LAX,北美洲,洛杉矶,197 ms
104.19.30.57,LAX,北美洲,洛杉矶,197 ms
104.20.60.65,LAX,北美洲,洛杉矶,197 ms
154.83.2.86,LAX,北美洲,洛杉矶,197 ms
104.19.48.217,LAX,北美洲,洛杉矶,197 ms
104.18.62.14,LAX,北美洲,洛杉矶,197 ms
104.25.206.254,LAX,北美洲,洛杉矶,197 ms
104.27.83.128,LAX,北美洲,洛杉矶,197 ms
104.19.192.66,LAX,北美洲,洛杉矶,197 ms
45.80.111.25,LAX,北美洲,洛杉矶,197 ms
172.66.0.82,LAX,北美洲,洛杉矶,197 ms
104.25.17.177,LAX,北美洲,洛杉矶,197 ms
176.126.207.52,LAX,北美洲,洛杉矶,197 ms
162.159.128.158,LAX,北美洲,洛杉矶,198 ms
176.126.206.2,LAX,北美洲,洛杉矶,198 ms
1.1.1.169,LAX,北美洲,洛杉矶,198 ms
1.0.0.3,LAX,北美洲,洛杉矶,198 ms
104.24.132.195,LAX,北美洲,洛杉矶,198 ms
104.27.51.14,LAX,北美洲,洛杉矶,198 ms
104.25.245.198,LAX,北美洲,洛杉矶,198 ms
104.24.197.25,LAX,北美洲,洛杉矶,198 ms
104.27.35.187,LAX,北美洲,洛杉矶,198 ms
104.24.162.49,LAX,北美洲,洛杉矶,199 ms
104.19.110.39,LAX,北美洲,洛杉矶,199 ms
104.24.88.136,LAX,北美洲,洛杉矶,199 ms
1.0.0.79,LAX,北美洲,洛杉矶,199 ms
1.1.1.214,LAX,北美洲,洛杉矶,199 ms
104.19.19.130,LAX,北美洲,洛杉矶,200 ms
104.27.64.217,LAX,北美洲,洛杉矶,200 ms
1.1.1.198,LAX,北美洲,洛杉矶,200 ms
104.24.229.119,LAX,北美洲,洛杉矶,200 ms
1.1.1.231,LAX,北美洲,洛杉矶,200 ms
104.24.50.115,LAX,北美洲,洛杉矶,200 ms
162.159.224.129,DEN,北美洲,丹佛,200 ms
104.25.44.130,LAX,北美洲,洛杉矶,201 ms
1.1.1.193,LAX,北美洲,洛杉矶,201 ms
104.19.25.180,LAX,北美洲,洛杉矶,201 ms
104.25.207.71,LAX,北美洲,洛杉矶,201 ms
104.24.131.215,LAX,北美洲,洛杉矶,202 ms
104.20.50.184,LAX,北美洲,洛杉矶,202 ms
104.19.80.245,LAX,北美洲,洛杉矶,203 ms
104.24.8.235,LAX,北美洲,洛杉矶,203 ms
104.26.11.253,HKG,亚太地区,香港,204 ms
104.24.22.111,LAX,北美洲,洛杉矶,204 ms
104.24.183.80,LAX,北美洲,洛杉矶,205 ms
104.26.13.149,HKG,亚太地区,香港,205 ms
104.20.24.11,HKG,亚太地区,香港,205 ms
104.25.31.1,LAX,北美洲,洛杉矶,207 ms
172.67.65.76,HKG,亚太地区,香港,207 ms
104.26.15.180,HKG,亚太地区,香港,208 ms
104.24.238.153,LAX,北美洲,洛杉矶,208 ms
104.24.252.63,LAX,北美洲,洛杉矶,208 ms
104.19.100.219,LAX,北美洲,洛杉矶,208 ms
172.67.72.132,HKG,亚太地区,香港,209 ms
104.26.9.6,HKG,亚太地区,香港,209 ms
172.67.75.245,HKG,亚太地区,香港,210 ms
104.20.26.31,HKG,亚太地区,香港,210 ms
172.67.104.221,LAX,北美洲,洛杉矶,210 ms
104.19.119.143,LAX,北美洲,洛杉矶,211 ms
104.20.22.21,HKG,亚太地区,香港,211 ms
104.25.112.35,LAX,北美洲,洛杉矶,212 ms
104.29.125.21,MUC,欧洲,慕尼黑,212 ms
104.25.91.175,LAX,北美洲,洛杉矶,213 ms
172.67.79.41,HKG,亚太地区,香港,213 ms
104.27.110.226,LAX,北美洲,洛杉矶,213 ms
104.27.30.196,LAX,北美洲,洛杉矶,213 ms
104.20.5.138,LAX,北美洲,洛杉矶,214 ms
104.26.1.109,HKG,亚太地区,香港,215 ms
172.67.66.46,HKG,亚太地区,香港,215 ms
172.67.67.114,HKG,亚太地区,香港,215 ms
104.20.29.240,HKG,亚太地区,香港,215 ms
104.25.214.141,LAX,北美洲,洛杉矶,216 ms
104.24.219.131,LAX,北美洲,洛杉矶,217 ms
104.25.80.111,LAX,北美洲,洛杉矶,218 ms
104.26.2.115,HKG,亚太地区,香港,220 ms
104.19.3.144,LAX,北美洲,洛杉矶,220 ms
104.24.21.214,LAX,北美洲,洛杉矶,220 ms
104.29.124.175,MUC,欧洲,慕尼黑,221 ms
104.27.39.118,LAX,北美洲,洛杉矶,222 ms
104.26.7.104,HKG,亚太地区,香港,223 ms
104.20.27.111,HKG,亚太地区,香港,226 ms
104.19.107.47,LAX,北美洲,洛杉矶,226 ms
104.24.184.98,LAX,北美洲,洛杉矶,226 ms
104.27.69.128,LAX,北美洲,洛杉矶,226 ms
104.24.176.231,LAX,北美洲,洛杉矶,226 ms
104.29.127.244,MAN,欧洲,曼彻斯特,226 ms
172.67.94.255,LAX,北美洲,洛杉矶,226 ms
172.67.71.242,HKG,亚太地区,香港,227 ms
104.25.218.79,LAX,北美洲,洛杉矶,227 ms
104.20.28.43,HKG,亚太地区,香港,228 ms
104.26.5.255,HKG,亚太地区,香港,228 ms
104.25.161.0,LAX,北美洲,洛杉矶,230 ms
104.25.35.64,LAX,北美洲,洛杉矶,232 ms
172.65.227.57,HKG,亚太地区,香港,232 ms
172.67.64.213,HKG,亚太地区,香港,233 ms
104.26.4.49,HKG,亚太地区,香港,233 ms
104.26.8.129,HKG,亚太地区,香港,234 ms
172.67.73.185,HKG,亚太地区,香港,234 ms
104.19.24.127,LAX,北美洲,洛杉矶,234 ms
104.25.126.8,LAX,北美洲,洛杉矶,235 ms
104.19.7.178,LAX,北美洲,洛杉矶,235 ms
104.20.21.73,HKG,亚太地区,香港,236 ms
104.25.219.56,LAX,北美洲,洛杉矶,237 ms
172.65.229.41,HKG,亚太地区,香港,237 ms
104.20.16.41,HKG,亚太地区,香港,237 ms
104.20.30.111,HKG,亚太地区,香港,237 ms
104.20.25.67,SIN,亚太地区,新加坡,237 ms
104.20.45.87,LAX,北美洲,洛杉矶,238 ms
172.67.78.131,HKG,亚太地区,香港,239 ms
172.67.93.226,LAX,北美洲,洛杉矶,239 ms
104.24.208.192,LAX,北美洲,洛杉矶,240 ms
104.20.17.34,HKG,亚太地区,香港,241 ms
104.24.92.41,LAX,北美洲,洛杉矶,241 ms
104.26.3.163,HKG,亚太地区,香港,241 ms
172.67.77.122,HKG,亚太地区,香港,242 ms
104.20.3.106,LAX,北美洲,洛杉矶,242 ms
172.67.98.2,LAX,北美洲,洛杉矶,243 ms
104.20.31.91,HKG,亚太地区,香港,243 ms
104.26.12.187,HKG,亚太地区,香港,244 ms
104.24.84.240,LAX,北美洲,洛杉矶,244 ms
172.67.76.7,HKG,亚太地区,香港,244 ms
104.24.0.120,LAX,北美洲,洛杉矶,244 ms
104.27.97.222,LAX,北美洲,洛杉矶,245 ms
104.20.18.252,HKG,亚太地区,香港,245 ms
104.20.37.84,LAX,北美洲,洛杉矶,245 ms
104.25.184.65,LAX,北美洲,洛杉矶,247 ms
104.25.23.184,LAX,北美洲,洛杉矶,247 ms
104.24.210.146,LAX,北美洲,洛杉矶,247 ms
104.20.56.72,LAX,北美洲,洛杉矶,247 ms
104.25.238.73,LAX,北美洲,洛杉矶,248 ms
172.67.70.36,HKG,亚太地区,香港,248 ms
104.24.94.150,LAX,北美洲,洛杉矶,248 ms
104.25.144.58,LAX,北美洲,洛杉矶,249 ms
104.29.111.140,MUC,欧洲,慕尼黑,250 ms
104.20.47.180,LAX,北美洲,洛杉矶,252 ms
104.24.3.5,LAX,北美洲,洛杉矶,252 ms
104.24.243.177,LAX,北美洲,洛杉矶,252 ms
104.24.93.48,LAX,北美洲,洛杉矶,253 ms
172.65.230.173,CDG,欧洲,巴黎,254 ms
172.64.78.88,EWR,北美洲,纽瓦克,258 ms
104.27.22.80,LAX,北美洲,洛杉矶,260 ms
104.19.104.193,LAX,北美洲,洛杉矶,262 ms
172.67.84.173,LAX,北美洲,洛杉矶,262 ms
104.20.23.17,HKG,亚太地区,香港,263 ms
104.24.67.204,LAX,北美洲,洛杉矶,263 ms
104.19.29.193,LAX,北美洲,洛杉矶,264 ms
104.20.15.22,LAX,北美洲,洛杉矶,264 ms
104.19.47.199,LAX,北美洲,洛杉矶,265 ms
172.67.91.131,LAX,北美洲,洛杉矶,265 ms
104.26.10.144,HKG,亚太地区,香港,265 ms
172.65.236.191,FRA,欧洲,法兰克福,265 ms
172.67.68.216,HKG,亚太地区,香港,266 ms
172.67.126.18,LAX,北美洲,洛杉矶,267 ms
104.24.18.133,LAX,北美洲,洛杉矶,267 ms
104.24.255.197,LAX,北美洲,洛杉矶,270 ms
104.27.127.94,LAX,北美洲,洛杉矶,272 ms
104.20.32.91,LAX,北美洲,洛杉矶,272 ms
104.27.46.22,LAX,北美洲,洛杉矶,273 ms
104.25.73.119,LAX,北美洲,洛杉矶,273 ms
104.19.101.84,LAX,北美洲,洛杉矶,274 ms
104.25.131.84,LAX,北美洲,洛杉矶,280 ms
104.25.56.180,LAX,北美洲,洛杉矶,280 ms
104.26.14.115,SIN,亚太地区,新加坡,283 ms
104.19.12.203,LAX,北美洲,洛杉矶,283 ms
104.25.210.116,LAX,北美洲,洛杉矶,283 ms
104.24.164.221,LAX,北美洲,洛杉矶,284 ms
104.24.154.177,LAX,北美洲,洛杉矶,285 ms
104.24.248.4,LAX,北美洲,洛杉矶,285 ms
104.27.52.71,LAX,北美洲,洛杉矶,290 ms
104.25.100.137,LAX,北美洲,洛杉矶,291 ms
104.25.226.42,LAX,北美洲,洛杉矶,291 ms
104.19.14.83,LAX,北美洲,洛杉矶,292 ms
104.25.241.236,LAX,北美洲,洛杉矶,293 ms
104.27.121.62,LAX,北美洲,洛杉矶,294 ms
104.19.44.32,LAX,北美洲,洛杉矶,294 ms
104.25.57.119,LAX,北美洲,洛杉矶,298 ms
104.20.2.91,LAX,北美洲,洛杉矶,300 ms
104.24.41.153,LAX,北美洲,洛杉矶,301 ms
104.27.67.88,LAX,北美洲,洛杉矶,301 ms
104.25.71.85,LAX,北美洲,洛杉矶,301 ms
172.67.214.242,LAX,北美洲,洛杉矶,302 ms
172.67.101.32,LAX,北美洲,洛杉矶,304 ms
104.27.79.211,LAX,北美洲,洛杉矶,304 ms
172.67.100.119,LAX,北美洲,洛杉矶,306 ms
104.19.5.21,LAX,北美洲,洛杉矶,307 ms
104.24.39.228,LAX,北美洲,洛杉矶,309 ms
104.27.116.233,LAX,北美洲,洛杉矶,309 ms
104.25.95.92,LAX,北美洲,洛杉矶,312 ms
104.25.7.240,LAX,北美洲,洛杉矶,313 ms
104.20.33.165,LAX,北美洲,洛杉矶,313 ms
104.24.75.183,LAX,北美洲,洛杉矶,313 ms
104.27.125.163,LAX,北美洲,洛杉矶,313 ms
104.24.140.145,LAX,北美洲,洛杉矶,313 ms
172.65.165.119,LAX,北美洲,洛杉矶,314 ms
104.25.4.85,LAX,北美洲,洛杉矶,315 ms
104.29.126.163,MUC,欧洲,慕尼黑,317 ms
104.25.85.164,LAX,北美洲,洛杉矶,317 ms
104.25.99.70,LAX,北美洲,洛杉矶,318 ms
104.25.83.9,LAX,北美洲,洛杉矶,319 ms
162.159.235.110,LAX,北美洲,洛杉矶,321 ms
104.27.53.53,LAX,北美洲,洛杉矶,321 ms
141.101.113.171,LAX,北美洲,洛杉矶,322 ms
104.25.180.13,LAX,北美洲,洛杉矶,324 ms
104.27.117.253,LAX,北美洲,洛杉矶,325 ms
104.27.7.230,LAX,北美洲,洛杉矶,325 ms
104.24.223.95,LAX,北美洲,洛杉矶,328 ms
104.19.2.135,LAX,北美洲,洛杉矶,328 ms
104.25.200.6,LAX,北美洲,洛杉矶,329 ms
104.19.8.103,LAX,北美洲,洛杉矶,329 ms
104.24.152.21,LAX,北美洲,洛杉矶,330 ms
104.25.87.5,LAX,北美洲,洛杉矶,330 ms
104.25.12.70,LAX,北美洲,洛杉矶,331 ms
104.27.126.89,LAX,北美洲,洛杉矶,333 ms
104.27.119.44,LAX,北美洲,洛杉矶,334 ms
104.27.33.49,LAX,北美洲,洛杉矶,334 ms
104.19.93.167,LAX,北美洲,洛杉矶,336 ms
104.20.51.204,LAX,北美洲,洛杉矶,337 ms
104.27.34.135,LAX,北美洲,洛杉矶,337 ms
104.25.106.232,LAX,北美洲,洛杉矶,338 ms
104.24.35.35,LAX,北美洲,洛杉矶,339 ms
104.24.222.198,LAX,北美洲,洛杉矶,339 ms
104.25.136.95,LAX,北美洲,洛杉矶,339 ms
104.24.236.196,LAX,北美洲,洛杉矶,340 ms
172.67.96.173,LAX,北美洲,洛杉矶,341 ms
104.25.105.42,LAX,北美洲,洛杉矶,342 ms
104.24.204.200,LAX,北美洲,洛杉矶,342 ms
104.24.54.118,LAX,北美洲,洛杉矶,343 ms
104.24.30.195,LAX,北美洲,洛杉矶,345 ms
104.27.18.92,LAX,北美洲,洛杉矶,348 ms
104.25.157.97,LAX,北美洲,洛杉矶,348 ms
104.27.118.165,LAX,北美洲,洛杉矶,349 ms
104.25.61.141,LAX,北美洲,洛杉矶,350 ms
104.25.78.90,LAX,北美洲,洛杉矶,353 ms
172.65.171.139,LAX,北美洲,洛杉矶,353 ms
172.67.121.39,LAX,北美洲,洛杉矶,353 ms
104.24.188.132,LAX,北美洲,洛杉矶,354 ms
104.24.48.139,LAX,北美洲,洛杉矶,354 ms
104.20.40.14,LAX,北美洲,洛杉矶,355 ms
104.19.105.186,LAX,北美洲,洛杉矶,356 ms
104.19.79.114,LAX,北美洲,洛杉矶,356 ms
104.27.103.88,LAX,北美洲,洛杉矶,357 ms
104.19.85.85,LAX,北美洲,洛杉矶,358 ms
104.24.15.144,LAX,北美洲,洛杉矶,358 ms
104.27.32.153,LAX,北美洲,洛杉矶,358 ms
104.25.98.250,LAX,北美洲,洛杉矶,358 ms
104.24.247.59,LAX,北美洲,洛杉矶,360 ms
172.67.171.9,LAX,北美洲,洛杉矶,360 ms
104.25.122.116,LAX,北美洲,洛杉矶,360 ms
104.24.33.160,LAX,北美洲,洛杉矶,360 ms
104.25.134.211,LAX,北美洲,洛杉矶,363 ms
104.19.102.229,LAX,北美洲,洛杉矶,364 ms
104.27.122.109,LAX,北美洲,洛杉矶,364 ms
104.25.172.78,LAX,北美洲,洛杉矶,365 ms
104.24.151.208,LAX,北美洲,洛杉矶,365 ms
104.24.198.142,LAX,北美洲,洛杉矶,366 ms
104.25.246.160,LAX,北美洲,洛杉矶,367 ms
104.25.166.73,LAX,北美洲,洛杉矶,367 ms
104.24.250.175,LAX,北美洲,洛杉矶,368 ms
104.24.14.9,LAX,北美洲,洛杉矶,368 ms
104.24.211.173,LAX,北美洲,洛杉矶,368 ms
104.25.13.241,LAX,北美洲,洛杉矶,369 ms
104.25.197.193,LAX,北美洲,洛杉矶,369 ms
104.25.75.64,LAX,北美洲,洛杉矶,369 ms
104.25.48.206,LAX,北美洲,洛杉矶,370 ms
104.20.58.129,LAX,北美洲,洛杉矶,371 ms
104.20.6.37,LAX,北美洲,洛杉矶,371 ms
104.19.70.70,LAX,北美洲,洛杉矶,371 ms
104.24.225.210,LAX,北美洲,洛杉矶,371 ms
104.25.231.215,LAX,北美洲,洛杉矶,372 ms
104.24.40.189,LAX,北美洲,洛杉矶,373 ms
104.25.108.141,LAX,北美洲,洛杉矶,373 ms
172.67.112.221,LAX,北美洲,洛杉矶,374 ms
104.25.93.14,LAX,北美洲,洛杉矶,375 ms
104.24.130.39,LAX,北美洲,洛杉矶,375 ms
104.25.10.50,LAX,北美洲,洛杉矶,376 ms
104.25.153.94,LAX,北美洲,洛杉矶,376 ms
104.19.38.82,LAX,北美洲,洛杉矶,376 ms
104.24.199.143,LAX,北美洲,洛杉矶,377 ms
104.25.11.163,LAX,北美洲,洛杉矶,377 ms
104.19.32.233,LAX,北美洲,洛杉矶,377 ms
104.24.59.250,LAX,北美洲,洛杉矶,378 ms
104.27.120.218,LAX,北美洲,洛杉矶,379 ms
104.24.61.63,LAX,北美洲,洛杉矶,380 ms
104.27.16.60,LAX,北美洲,洛杉矶,381 ms
104.25.148.40,LAX,北美洲,洛杉矶,382 ms
104.25.50.58,LAX,北美洲,洛杉矶,382 ms
104.27.84.22,LAX,北美洲,洛杉矶,382 ms
104.19.106.185,LAX,北美洲,洛杉矶,383 ms
104.19.90.3,LAX,北美洲,洛杉矶,384 ms
104.25.70.12,LAX,北美洲,洛杉矶,385 ms
104.25.76.74,LAX,北美洲,洛杉矶,385 ms
104.19.10.19,LAX,北美洲,洛杉矶,385 ms
104.19.122.247,LAX,北美洲,洛杉矶,386 ms
104.19.96.252,LAX,北美洲,洛杉矶,386 ms
104.27.81.148,LAX,北美洲,洛杉矶,387 ms
104.24.245.40,LAX,北美洲,洛杉矶,387 ms
104.25.195.6,LAX,北美洲,洛杉矶,388 ms
104.19.1.249,LAX,北美洲,洛杉矶,389 ms
104.19.108.138,LAX,北美洲,洛杉矶,389 ms
104.25.230.172,LAX,北美洲,洛杉矶,389 ms
104.24.146.124,LAX,北美洲,洛杉矶,389 ms
104.27.41.248,LAX,北美洲,洛杉矶,390 ms
104.27.44.136,LAX,北美洲,洛杉矶,390 ms
104.19.51.162,LAX,北美洲,洛杉矶,390 ms
172.64.66.39,LAX,北美洲,洛杉矶,390 ms
104.27.42.42,LAX,北美洲,洛杉矶,390 ms
104.25.132.100,LAX,北美洲,洛杉矶,391 ms
104.24.178.80,LAX,北美洲,洛杉矶,391 ms
104.25.133.156,LAX,北美洲,洛杉矶,391 ms
104.24.25.0,LAX,北美洲,洛杉矶,392 ms
104.21.124.172,LAX,北美洲,洛杉矶,392 ms
104.24.207.147,LAX,北美洲,洛杉矶,393 ms
104.25.9.185,LAX,北美洲,洛杉矶,393 ms
104.25.150.175,LAX,北美洲,洛杉矶,394 ms
104.25.149.3,LAX,北美洲,洛杉矶,397 ms
104.24.74.18,LAX,北美洲,洛杉矶,397 ms
104.27.58.37,LAX,北美洲,洛杉矶,398 ms
104.19.109.191,LAX,北美洲,洛杉矶,399 ms
104.24.26.130,LAX,北美洲,洛杉矶,399 ms
104.24.194.54,LAX,北美洲,洛杉矶,400 ms
104.25.46.189,LAX,北美洲,洛杉矶,401 ms
104.25.68.72,LAX,北美洲,洛杉矶,403 ms
104.19.126.157,LAX,北美洲,洛杉矶,403 ms
104.19.78.189,LAX,北美洲,洛杉矶,403 ms
104.25.119.152,LAX,北美洲,洛杉矶,403 ms
104.24.6.94,LAX,北美洲,洛杉矶,404 ms
104.25.229.204,LAX,北美洲,洛杉矶,406 ms
104.20.41.177,LAX,北美洲,洛杉矶,406 ms
104.25.125.227,LAX,北美洲,洛杉矶,407 ms
104.24.47.29,LAX,北美洲,洛杉矶,407 ms
104.24.148.213,LAX,北美洲,洛杉矶,407 ms
104.19.50.99,LAX,北美洲,洛杉矶,408 ms
104.25.24.205,LAX,北美洲,洛杉矶,409 ms
104.25.159.244,LAX,北美洲,洛杉矶,409 ms
104.19.65.66,LAX,北美洲,洛杉矶,411 ms
172.67.114.158,LAX,北美洲,洛杉矶,412 ms
104.25.67.135,LAX,北美洲,洛杉矶,413 ms
104.25.152.209,LAX,北美洲,洛杉矶,413 ms
104.19.49.112,LAX,北美洲,洛杉矶,414 ms
104.24.244.87,LAX,北美洲,洛杉矶,414 ms
104.19.26.234,LAX,北美洲,洛杉矶,414 ms
104.24.253.138,LAX,北美洲,洛杉矶,414 ms
104.24.138.85,LAX,北美洲,洛杉矶,415 ms
104.24.212.50,LAX,北美洲,洛杉矶,415 ms
104.25.32.191,LAX,北美洲,洛杉矶,416 ms
104.24.1.192,LAX,北美洲,洛杉矶,416 ms
104.20.44.74,LAX,北美洲,洛杉矶,417 ms
104.25.233.118,LAX,北美洲,洛杉矶,417 ms
104.25.143.160,LAX,北美洲,洛杉矶,418 ms
104.25.239.174,LAX,北美洲,洛杉矶,418 ms
104.25.124.40,LAX,北美洲,洛杉矶,419 ms
104.20.62.239,LAX,北美洲,洛杉矶,419 ms
104.24.83.145,LAX,北美洲,洛杉矶,419 ms
104.19.84.90,LAX,北美洲,洛杉矶,421 ms
104.20.49.34,LAX,北美洲,洛杉矶,421 ms
104.24.73.57,LAX,北美洲,洛杉矶,422 ms
104.24.34.129,LAX,北美洲,洛杉矶,422 ms
104.19.82.187,LAX,北美洲,洛杉矶,422 ms
104.25.43.178,LAX,北美洲,洛杉矶,422 ms
172.64.93.106,LAX,北美洲,洛杉矶,422 ms
104.27.76.215,LAX,北美洲,洛杉矶,423 ms
104.25.188.255,LAX,北美洲,洛杉矶,424 ms
104.20.10.35,LAX,北美洲,洛杉矶,425 ms
104.24.237.176,LAX,北美洲,洛杉矶,425 ms
104.24.217.32,LAX,北美洲,洛杉矶,425 ms
104.19.88.64,LAX,北美洲,洛杉矶,425 ms
104.24.231.244,LAX,北美洲,洛杉矶,425 ms
104.25.123.26,LAX,北美洲,洛杉矶,425 ms
104.19.86.90,LAX,北美洲,洛杉矶,426 ms
104.25.251.247,LAX,北美洲,洛杉矶,426 ms
104.24.254.143,LAX,北美洲,洛杉矶,426 ms
104.24.203.205,LAX,北美洲,洛杉矶,426 ms
104.25.175.147,LAX,北美洲,洛杉矶,426 ms
172.67.108.126,LAX,北美洲,洛杉矶,428 ms
104.25.224.92,LAX,北美洲,洛杉矶,429 ms
104.24.77.53,LAX,北美洲,洛杉矶,432 ms
104.24.233.204,LAX,北美洲,洛杉矶,432 ms
104.19.64.39,LAX,北美洲,洛杉矶,432 ms
104.24.171.172,LAX,北美洲,洛杉矶,433 ms
104.27.78.169,LAX,北美洲,洛杉矶,433 ms
172.67.85.149,LAX,北美洲,洛杉矶,433 ms
104.27.2.71,LAX,北美洲,洛杉矶,433 ms
104.19.92.222,LAX,北美洲,洛杉矶,433 ms
104.25.130.189,LAX,北美洲,洛杉矶,434 ms
104.25.116.106,LAX,北美洲,洛杉矶,435 ms
104.27.20.18,LAX,北美洲,洛杉矶,435 ms
104.24.86.239,LAX,北美洲,洛杉矶,435 ms
104.19.72.31,LAX,北美洲,洛杉矶,436 ms
104.24.51.114,LAX,北美洲,洛杉矶,437 ms
104.25.250.47,LAX,北美洲,洛杉矶,438 ms
104.24.232.105,LAX,北美洲,洛杉矶,438 ms
104.25.109.27,LAX,北美洲,洛杉矶,439 ms
104.19.116.63,LAX,北美洲,洛杉矶,439 ms
104.25.121.47,LAX,北美洲,洛杉矶,439 ms
104.27.95.195,LAX,北美洲,洛杉矶,440 ms
104.25.147.254,LAX,北美洲,洛杉矶,441 ms
104.25.127.246,LAX,北美洲,洛杉矶,442 ms
104.21.85.68,LAX,北美洲,洛杉矶,443 ms
104.24.82.163,LAX,北美洲,洛杉矶,443 ms
104.24.153.130,LAX,北美洲,洛杉矶,443 ms
104.25.128.26,LAX,北美洲,洛杉矶,445 ms
104.25.215.215,LAX,北美洲,洛杉矶,445 ms
104.25.156.186,LAX,北美洲,洛杉矶,446 ms
104.25.223.146,LAX,北美洲,洛杉矶,446 ms
104.19.115.23,LAX,北美洲,洛杉矶,447 ms
104.24.205.120,LAX,北美洲,洛杉矶,449 ms
104.24.156.21,LAX,北美洲,洛杉矶,449 ms
104.20.8.102,LAX,北美洲,洛杉矶,450 ms
104.25.47.18,LAX,北美洲,洛杉矶,451 ms
104.27.101.137,LAX,北美洲,洛杉矶,451 ms
104.25.217.241,LAX,北美洲,洛杉矶,452 ms
104.25.208.215,LAX,北美洲,洛杉矶,452 ms
104.25.40.240,LAX,北美洲,洛杉矶,453 ms
104.25.42.27,LAX,北美洲,洛杉矶,454 ms
104.25.222.181,LAX,北美洲,洛杉矶,454 ms
104.25.212.64,LAX,北美洲,洛杉矶,454 ms
104.25.86.140,LAX,北美洲,洛杉矶,455 ms
104.20.57.145,LAX,北美洲,洛杉矶,455 ms
104.25.28.206,LAX,北美洲,洛杉矶,455 ms
104.25.155.0,LAX,北美洲,洛杉矶,456 ms
104.19.43.194,LAX,北美洲,洛杉矶,457 ms
104.27.87.101,LAX,北美洲,洛杉矶,457 ms
104.19.125.108,LAX,北美洲,洛杉矶,457 ms
104.19.21.17,LAX,北美洲,洛杉矶,457 ms
104.19.121.167,LAX,北美洲,洛杉矶,458 ms
104.25.196.4,LAX,北美洲,洛杉矶,458 ms
104.27.31.27,LAX,北美洲,洛杉矶,458 ms
104.25.167.12,LAX,北美洲,洛杉矶,459 ms
104.24.134.239,LAX,北美洲,洛杉矶,459 ms
104.19.124.103,LAX,北美洲,洛杉矶,460 ms
104.25.37.172,LAX,北美洲,洛杉矶,461 ms
172.67.83.19,LAX,北美洲,洛杉矶,461 ms
104.24.5.71,LAX,北美洲,洛杉矶,461 ms
104.24.189.85,LAX,北美洲,洛杉矶,463 ms
172.67.164.103,LAX,北美洲,洛杉矶,463 ms
104.19.40.153,LAX,北美洲,洛杉矶,463 ms
104.24.158.207,LAX,北美洲,洛杉矶,464 ms
104.24.42.250,LAX,北美洲,洛杉矶,464 ms
104.19.37.204,LAX,北美洲,洛杉矶,465 ms
104.27.25.217,LAX,北美洲,洛杉矶,465 ms
104.24.167.50,LAX,北美洲,洛杉矶,466 ms
104.25.177.56,LAX,北美洲,洛杉矶,466 ms
104.24.133.216,LAX,北美洲,洛杉矶,466 ms
104.25.181.213,LAX,北美洲,洛杉矶,467 ms
104.24.168.70,LAX,北美洲,洛杉矶,467 ms
104.19.127.11,LAX,北美洲,洛杉矶,468 ms
104.24.239.231,LAX,北美洲,洛杉矶,468 ms
104.24.4.159,LAX,北美洲,洛杉矶,469 ms
104.25.22.172,LAX,北美洲,洛杉矶,470 ms
104.20.55.89,LAX,北美洲,洛杉矶,470 ms
104.27.88.1,LAX,北美洲,洛杉矶,471 ms
104.24.214.86,LAX,北美洲,洛杉矶,471 ms
104.24.147.120,LAX,北美洲,洛杉矶,471 ms
104.24.43.155,LAX,北美洲,洛杉矶,472 ms
104.27.96.106,LAX,北美洲,洛杉矶,473 ms
104.25.65.236,LAX,北美洲,洛杉矶,474 ms
104.27.100.51,LAX,北美洲,洛杉矶,475 ms
172.67.87.188,LAX,北美洲,洛杉矶,475 ms
104.24.234.11,LAX,北美洲,洛杉矶,476 ms
104.27.98.99,LAX,北美洲,洛杉矶,476 ms
104.25.183.207,LAX,北美洲,洛杉矶,477 ms
104.24.85.91,LAX,北美洲,洛杉矶,477 ms
104.25.243.221,LAX,北美洲,洛杉矶,477 ms
104.24.218.83,LAX,北美洲,洛杉矶,478 ms
172.67.117.221,LAX,北美洲,洛杉矶,479 ms
104.24.70.76,LAX,北美洲,洛杉矶,479 ms
104.27.4.21,LAX,北美洲,洛杉矶,479 ms
104.19.67.147,LAX,北美洲,洛杉矶,479 ms
172.67.92.172,LAX,北美洲,洛杉矶,480 ms
104.20.12.241,LAX,北美洲,洛杉矶,480 ms
104.25.103.141,LAX,北美洲,洛杉矶,480 ms
104.25.92.78,LAX,北美洲,洛杉矶,484 ms
104.27.123.191,LAX,北美洲,洛杉矶,484 ms
172.65.188.59,LAX,北美洲,洛杉矶,484 ms
104.19.15.146,LAX,北美洲,洛杉矶,485 ms
104.25.209.80,LAX,北美洲,洛杉矶,485 ms
104.20.34.156,LAX,北美洲,洛杉矶,485 ms
172.67.122.194,LAX,北美洲,洛杉矶,485 ms
104.25.162.174,LAX,北美洲,洛杉矶,485 ms
104.27.72.9,LAX,北美洲,洛杉矶,486 ms
104.24.177.209,LAX,北美洲,洛杉矶,487 ms
104.20.43.173,LAX,北美洲,洛杉矶,487 ms
104.27.106.124,LAX,北美洲,洛杉矶,487 ms
104.24.36.93,LAX,北美洲,洛杉矶,487 ms
104.24.160.139,LAX,北美洲,洛杉矶,489 ms
104.19.76.63,LAX,北美洲,洛杉矶,489 ms
104.19.83.232,LAX,北美洲,洛杉矶,489 ms
104.24.56.203,LAX,北美洲,洛杉矶,489 ms
104.25.94.169,LAX,北美洲,洛杉矶,491 ms
104.25.113.233,LAX,北美洲,洛杉矶,491 ms
104.27.75.82,LAX,北美洲,洛杉矶,492 ms
172.67.125.238,LAX,北美洲,洛杉矶,493 ms
104.19.94.14,LAX,北美洲,洛杉矶,493 ms
104.19.35.189,LAX,北美洲,洛杉矶,495 ms
104.25.38.187,LAX,北美洲,洛杉矶,496 ms
104.24.20.56,LAX,北美洲,洛杉矶,496 ms
104.27.55.82,LAX,北美洲,洛杉矶,496 ms
104.24.68.8,LAX,北美洲,洛杉矶,496 ms
104.19.34.149,LAX,北美洲,洛杉矶,496 ms
104.24.144.46,LAX,北美洲,洛杉矶,497 ms
104.20.14.128,LAX,北美洲,洛杉矶,498 ms
104.24.190.190,LAX,北美洲,洛杉矶,498 ms
172.67.123.104,LAX,北美洲,洛杉矶,498 ms
104.25.117.84,LAX,北美洲,洛杉矶,498 ms
104.24.62.90,LAX,北美洲,洛杉矶,498 ms
104.24.87.41,LAX,北美洲,洛杉矶,499 ms
104.19.16.16,LAX,北美洲,洛杉矶,499 ms
104.27.80.187,LAX,北美洲,洛杉矶,500 ms
104.19.22.162,LAX,北美洲,洛杉矶,500 ms
104.19.111.197,LAX,北美洲,洛杉矶,500 ms
104.27.15.238,LAX,北美洲,洛杉矶,501 ms
104.25.30.72,LAX,北美洲,洛杉矶,501 ms
104.24.142.190,LAX,北美洲,洛杉矶,503 ms
104.19.17.250,LAX,北美洲,洛杉矶,503 ms
172.67.105.224,LAX,北美洲,洛杉矶,504 ms
104.24.242.160,LAX,北美洲,洛杉矶,504 ms
104.24.149.231,LAX,北美洲,洛杉矶,506 ms
104.19.20.66,LAX,北美洲,洛杉矶,507 ms
104.25.77.133,LAX,北美洲,洛杉矶,508 ms
104.19.27.133,LAX,北美洲,洛杉矶,509 ms
104.27.93.165,LAX,北美洲,洛杉矶,509 ms
104.24.209.10,LAX,北美洲,洛杉矶,510 ms
104.25.59.86,LAX,北美洲,洛杉矶,512 ms
104.25.213.78,LAX,北美洲,洛杉矶,512 ms
104.19.74.7,LAX,北美洲,洛杉矶,512 ms
104.25.49.146,LAX,北美洲,洛杉矶,514 ms
172.67.110.36,LAX,北美洲,洛杉矶,514 ms
104.19.58.237,LAX,北美洲,洛杉矶,514 ms
104.19.99.69,LAX,北美洲,洛杉矶,514 ms
104.27.111.0,LAX,北美洲,洛杉矶,517 ms
104.25.20.226,LAX,北美洲,洛杉矶,518 ms
104.25.168.150,LAX,北美洲,洛杉矶,521 ms
104.19.117.135,LAX,北美洲,洛杉矶,521 ms
104.24.213.12,LAX,北美洲,洛杉矶,521 ms
104.24.66.21,LAX,北美洲,洛杉矶,522 ms
104.20.42.170,LAX,北美洲,洛杉矶,523 ms
104.25.248.141,LAX,北美洲,洛杉矶,524 ms
104.19.55.221,LAX,北美洲,洛杉矶,525 ms
104.24.179.239,LAX,北美洲,洛杉矶,527 ms
104.19.31.225,LAX,北美洲,洛杉矶,527 ms
104.25.16.173,LAX,北美洲,洛杉矶,528 ms
104.20.61.0,LAX,北美洲,洛杉矶,530 ms
104.25.247.201,LAX,北美洲,洛杉矶,530 ms
104.19.87.57,LAX,北美洲,洛杉矶,531 ms
104.24.195.15,LAX,北美洲,洛杉矶,533 ms
104.25.253.190,LAX,北美洲,洛杉矶,535 ms
104.24.79.26,LAX,北美洲,洛杉矶,535 ms
104.25.8.141,LAX,北美洲,洛杉矶,535 ms
104.24.215.220,LAX,北美洲,洛杉矶,536 ms
104.24.159.238,LAX,北美洲,洛杉矶,540 ms
104.19.56.95,LAX,北美洲,洛杉矶,540 ms
104.19.11.170,LAX,北美洲,洛杉矶,540 ms
104.25.141.229,LAX,北美洲,洛杉矶,540 ms
104.24.141.58,LAX,北美洲,洛杉矶,541 ms
104.27.112.132,LAX,北美洲,洛杉矶,541 ms
172.67.86.143,LAX,北美洲,洛杉矶,541 ms
104.25.203.132,LAX,北美洲,洛杉矶,542 ms
104.25.187.116,LAX,北美洲,洛杉矶,542 ms
104.19.0.188,LAX,北美洲,洛杉矶,542 ms
104.25.52.212,LAX,北美洲,洛杉矶,544 ms
104.24.185.76,LAX,北美洲,洛杉矶,545 ms
104.25.110.222,LAX,北美洲,洛杉矶,549 ms
172.67.199.112,LAX,北美洲,洛杉矶,550 ms
104.25.138.106,LAX,北美洲,洛杉矶,553 ms
104.20.48.149,LAX,北美洲,洛杉矶,554 ms
104.20.7.74,LAX,北美洲,洛杉矶,554 ms
104.25.190.73,LAX,北美洲,洛杉矶,556 ms
104.24.17.130,LAX,北美洲,洛杉矶,557 ms
104.25.0.232,LAX,北美洲,洛杉矶,557 ms
104.25.3.129,LAX,北美洲,洛杉矶,561 ms
104.27.115.218,LAX,北美洲,洛杉矶,562 ms
104.24.91.69,LAX,北美洲,洛杉矶,564 ms
104.19.59.192,LAX,北美洲,洛杉矶,565 ms
172.64.235.38,LAX,北美洲,洛杉矶,565 ms
104.25.33.10,LAX,北美洲,洛杉矶,565 ms
104.25.18.190,LAX,北美洲,洛杉矶,565 ms
104.24.193.228,LAX,北美洲,洛杉矶,566 ms
104.24.228.2,LAX,北美洲,洛杉矶,567 ms
104.25.21.116,LAX,北美洲,洛杉矶,567 ms
104.27.89.230,LAX,北美洲,洛杉矶,570 ms
104.19.53.90,LAX,北美洲,洛杉矶,572 ms
104.24.155.250,LAX,北美洲,洛杉矶,576 ms
104.24.166.241,LAX,北美洲,洛杉矶,580 ms
104.25.160.198,LAX,北美洲,洛杉矶,587 ms
104.21.194.209,LAX,北美洲,洛杉矶,588 ms
104.24.139.86,LAX,北美洲,洛杉矶,588 ms
104.25.27.182,LAX,北美洲,洛杉矶,590 ms
104.21.66.169,LAX,北美洲,洛杉矶,596 ms
104.25.194.152,LAX,北美洲,洛杉矶,597 ms
104.24.135.192,LAX,北美洲,洛杉矶,598 ms
104.25.29.186,LAX,北美洲,洛杉矶,599 ms
104.24.226.91,LAX,北美洲,洛杉矶,604 ms
104.24.186.87,LAX,北美洲,洛杉矶,613 ms
172.67.166.228,LAX,北美洲,洛杉矶,616 ms
104.24.187.152,LAX,北美洲,洛杉矶,617 ms
104.20.59.233,LAX,北美洲,洛杉矶,620 ms
104.25.176.112,LAX,北美洲,洛杉矶,621 ms
104.25.151.116,LAX,北美洲,洛杉矶,626 ms
104.25.79.144,LAX,北美洲,洛杉矶,649 ms
172.64.90.144,LAX,北美洲,洛杉矶,651 ms
104.21.4.198,LAX,北美洲,洛杉矶,667 ms
172.67.162.53,LAX,北美洲,洛杉矶,689 ms
172.67.246.146,LAX,北美洲,洛杉矶,691 ms
172.67.175.121,LAX,北美洲,洛杉矶,718 ms
104.21.52.115,LAX,北美洲,洛杉矶,735 ms
104.21.45.149,LAX,北美洲,洛杉矶,757 ms
172.67.142.151,LAX,北美洲,洛杉矶,765 ms
104.21.43.78,LAX,北美洲,洛杉矶,773 ms
172.67.173.17,LAX,北美洲,洛杉矶,774 ms
104.21.48.250,LAX,北美洲,洛杉矶,776 ms
172.65.50.147,LAX,北美洲,洛杉矶,777 ms
172.67.169.59,LAX,北美洲,洛杉矶,778 ms
104.21.50.246,LAX,北美洲,洛杉矶,778 ms
104.21.55.12,LAX,北美洲,洛杉矶,782 ms
172.67.132.138,LAX,北美洲,洛杉矶,783 ms
104.21.19.231,LAX,北美洲,洛杉矶,783 ms
104.21.49.101,LAX,北美洲,洛杉矶,787 ms
104.21.39.147,LAX,北美洲,洛杉矶,789 ms
104.21.44.202,LAX,北美洲,洛杉矶,789 ms
104.21.71.232,LAX,北美洲,洛杉矶,790 ms
104.18.48.140,LAX,北美洲,洛杉矶,792 ms
172.67.225.207,LAX,北美洲,洛杉矶,792 ms
104.19.130.138,LAX,北美洲,洛杉矶,793 ms
172.67.242.69,LAX,北美洲,洛杉矶,794 ms
104.18.56.177,LAX,北美洲,洛杉矶,795 ms
104.21.31.106,LAX,北美洲,洛杉矶,796 ms
104.21.81.85,LAX,北美洲,洛杉矶,798 ms
172.67.139.190,LAX,北美洲,洛杉矶,798 ms
104.21.23.92,LAX,北美洲,洛杉矶,798 ms
104.21.40.16,LAX,北美洲,洛杉矶,798 ms
172.67.165.177,LAX,北美洲,洛杉矶,799 ms
104.19.141.198,LAX,北美洲,洛杉矶,799 ms
104.21.73.223,LAX,北美洲,洛杉矶,799 ms
104.21.104.92,LAX,北美洲,洛杉矶,799 ms
172.67.233.80,LAX,北美洲,洛杉矶,800 ms
172.67.157.250,LAX,北美洲,洛杉矶,800 ms
172.67.131.137,LAX,北美洲,洛杉矶,800 ms
172.64.87.3,LAX,北美洲,洛杉矶,802 ms
172.67.203.178,LAX,北美洲,洛杉矶,802 ms
172.67.181.142,LAX,北美洲,洛杉矶,802 ms
104.21.36.22,LAX,北美洲,洛杉矶,803 ms
104.21.90.76,LAX,北美洲,洛杉矶,805 ms
104.21.199.158,LAX,北美洲,洛杉矶,806 ms
172.67.146.247,LAX,北美洲,洛杉矶,807 ms
172.67.156.33,LAX,北美洲,洛杉矶,807 ms
104.21.209.221,LAX,北美洲,洛杉矶,808 ms
104.21.200.229,LAX,北美洲,洛杉矶,808 ms
172.67.177.20,LAX,北美洲,洛杉矶,810 ms
104.21.214.34,LAX,北美洲,洛杉矶,812 ms
172.67.244.185,LAX,北美洲,洛杉矶,812 ms
104.21.89.44,LAX,北美洲,洛杉矶,812 ms
104.21.126.106,LAX,北美洲,洛杉矶,812 ms
172.67.255.212,LAX,北美洲,洛杉矶,813 ms
104.21.68.51,LAX,北美洲,洛杉矶,814 ms
172.67.207.161,LAX,北美洲,洛杉矶,814 ms
188.114.98.216,LAX,北美洲,洛杉矶,814 ms
172.64.86.8,LAX,北美洲,洛杉矶,815 ms
104.21.101.126,LAX,北美洲,洛杉矶,816 ms
172.67.187.145,LAX,北美洲,洛杉矶,816 ms
172.67.227.39,LAX,北美洲,洛杉矶,818 ms
104.21.112.244,LAX,北美洲,洛杉矶,818 ms
104.21.223.63,LAX,北美洲,洛杉矶,820 ms
172.67.221.49,LAX,北美洲,洛杉矶,820 ms
104.21.107.191,LAX,北美洲,洛杉矶,820 ms
188.114.96.207,LAX,北美洲,洛杉矶,821 ms
104.21.38.32,LAX,北美洲,洛杉矶,821 ms
172.67.193.173,LAX,北美洲,洛杉矶,822 ms
104.21.6.135,LAX,北美洲,洛杉矶,822 ms
104.21.79.26,LAX,北美洲,洛杉矶,822 ms
172.67.209.145,LAX,北美洲,洛杉矶,823 ms
172.67.158.39,LAX,北美洲,洛杉矶,825 ms
104.21.118.62,LAX,北美洲,洛杉矶,825 ms
172.67.183.73,LAX,北美洲,洛杉矶,826 ms
172.64.85.64,LAX,北美洲,洛杉矶,828 ms
172.65.32.180,LAX,北美洲,洛杉矶,834 ms
104.21.84.161,LAX,北美洲,洛杉矶,841 ms
172.67.182.10,LAX,北美洲,洛杉矶,841 ms
104.21.1.102,LAX,北美洲,洛杉矶,843 ms
104.27.202.50,LAX,北美洲,洛杉矶,845 ms
104.21.193.84,LAX,北美洲,洛杉矶,847 ms
104.21.203.191,LAX,北美洲,洛杉矶,852 ms
104.27.192.165,LAX,北美洲,洛杉矶,853 ms
172.67.253.99,LAX,北美洲,洛杉矶,854 ms
172.67.161.7,LAX,北美洲,洛杉矶,858 ms
104.27.197.85,LAX,北美洲,洛杉矶,858 ms
104.21.34.113,LAX,北美洲,洛杉矶,860 ms
172.67.236.214,LAX,北美洲,洛杉矶,863 ms
104.21.115.107,LAX,北美洲,洛杉矶,865 ms
104.21.87.69,LAX,北美洲,洛杉矶,866 ms
104.21.125.240,LAX,北美洲,洛杉矶,866 ms
104.21.16.160,LAX,北美洲,洛杉矶,876 ms
104.21.21.168,LAX,北美洲,洛杉矶,876 ms
104.27.207.230,LAX,北美洲,洛杉矶,877 ms
172.67.138.184,LAX,北美洲,洛杉矶,878 ms
104.21.207.48,LAX,北美洲,洛杉矶,880 ms
172.67.154.99,LAX,北美洲,洛杉矶,881 ms
104.21.58.219,LAX,北美洲,洛杉矶,881 ms
104.21.114.7,LAX,北美洲,洛杉矶,883 ms
172.65.48.138,LAX,北美洲,洛杉矶,883 ms
104.21.113.34,LAX,北美洲,洛杉矶,883 ms
104.21.74.56,LAX,北美洲,洛杉矶,884 ms
104.27.200.253,LAX,北美洲,洛杉矶,887 ms
104.21.20.208,LAX,北美洲,洛杉矶,887 ms
104.27.201.190,LAX,北美洲,洛杉矶,888 ms
104.21.108.195,LAX,北美洲,洛杉矶,889 ms
172.67.186.78,LAX,北美洲,洛杉矶,889 ms
104.21.93.131,LAX,北美洲,洛杉矶,891 ms
104.21.105.37,LAX,北美洲,洛杉矶,891 ms
172.67.167.20,LAX,北美洲,洛杉矶,891 ms
104.21.30.209,LAX,北美洲,洛杉矶,893 ms
104.21.210.113,LAX,北美洲,洛杉矶,896 ms
104.21.122.69,LAX,北美洲,洛杉矶,896 ms
104.21.18.206,LAX,北美洲,洛杉矶,896 ms
104.21.63.150,LAX,北美洲,洛杉矶,896 ms
104.21.65.209,LAX,北美洲,洛杉矶,899 ms
104.21.116.91,LAX,北美洲,洛杉矶,901 ms
104.21.76.23,LAX,北美洲,洛杉矶,903 ms
104.21.14.54,LAX,北美洲,洛杉矶,903 ms
104.21.11.210,LAX,北美洲,洛杉矶,903 ms
172.67.194.88,LAX,北美洲,洛杉矶,904 ms
104.21.78.198,LAX,北美洲,洛杉矶,904 ms
172.67.189.35,LAX,北美洲,洛杉矶,904 ms
104.21.22.177,LAX,北美洲,洛杉矶,905 ms
104.27.193.179,LAX,北美洲,洛杉矶,907 ms
104.21.217.208,LAX,北美洲,洛杉矶,909 ms
172.67.134.32,LAX,北美洲,洛杉矶,910 ms
104.21.204.107,LAX,北美洲,洛杉矶,911 ms
104.21.5.181,LAX,北美洲,洛杉矶,911 ms
104.21.88.198,LAX,北美洲,洛杉矶,911 ms
104.21.215.167,LAX,北美洲,洛杉矶,912 ms
104.21.109.224,LAX,北美洲,洛杉矶,912 ms
104.21.32.163,LAX,北美洲,洛杉矶,913 ms
104.21.28.69,LAX,北美洲,洛杉矶,913 ms
172.67.197.48,LAX,北美洲,洛杉矶,914 ms
104.21.0.185,LAX,北美洲,洛杉矶,916 ms
172.67.155.193,LAX,北美洲,洛杉矶,916 ms
104.21.103.221,LAX,北美洲,洛杉矶,917 ms
104.21.202.127,LAX,北美洲,洛杉矶,918 ms
172.67.151.45,LAX,北美洲,洛杉矶,918 ms
172.67.229.100,LAX,北美洲,洛杉矶,919 ms
104.21.3.140,LAX,北美洲,洛杉矶,920 ms
172.64.94.156,LAX,北美洲,洛杉矶,920 ms
104.19.134.17,LAX,北美洲,洛杉矶,923 ms
104.27.195.27,LAX,北美洲,洛杉矶,925 ms
104.21.213.117,LAX,北美洲,洛杉矶,926 ms
104.21.26.96,LAX,北美洲,洛杉矶,926 ms
172.67.149.202,LAX,北美洲,洛杉矶,926 ms
104.21.15.60,LAX,北美洲,洛杉矶,926 ms
172.67.248.217,LAX,北美洲,洛杉矶,927 ms
172.67.130.28,LAX,北美洲,洛杉矶,928 ms
172.67.224.8,LAX,北美洲,洛杉矶,928 ms
172.67.205.204,LAX,北美洲,洛杉矶,928 ms
104.21.197.223,LAX,北美洲,洛杉矶,929 ms
104.19.131.79,LAX,北美洲,洛杉矶,929 ms
172.67.228.177,LAX,北美洲,洛杉矶,930 ms
172.67.213.204,LAX,北美洲,洛杉矶,931 ms
172.67.198.201,LAX,北美洲,洛杉矶,932 ms
104.21.54.105,LAX,北美洲,洛杉矶,932 ms
104.21.42.34,LAX,北美洲,洛杉矶,933 ms
172.67.251.81,LAX,北美洲,洛杉矶,935 ms
172.67.245.119,LAX,北美洲,洛杉矶,936 ms
172.67.217.108,LAX,北美洲,洛杉矶,937 ms
172.64.84.55,LAX,北美洲,洛杉矶,937 ms
172.67.216.161,LAX,北美洲,洛杉矶,940 ms
104.21.198.68,LAX,北美洲,洛杉矶,941 ms
172.67.204.204,LAX,北美洲,洛杉矶,942 ms
104.21.206.25,LAX,北美洲,洛杉矶,942 ms
172.67.235.172,LAX,北美洲,洛杉矶,943 ms
104.21.59.65,LAX,北美洲,洛杉矶,944 ms
172.67.144.88,LAX,北美洲,洛杉矶,944 ms
172.67.254.96,LAX,北美洲,洛杉矶,944 ms
172.67.226.31,LAX,北美洲,洛杉矶,944 ms
172.67.170.123,LAX,北美洲,洛杉矶,945 ms
172.67.231.241,LAX,北美洲,洛杉矶,945 ms
104.21.47.75,LAX,北美洲,洛杉矶,948 ms
172.67.215.131,LAX,北美洲,洛杉矶,950 ms
104.19.139.238,LAX,北美洲,洛杉矶,952 ms
104.27.206.75,LAX,北美洲,洛杉矶,954 ms
104.27.196.251,LAX,北美洲,洛杉矶,956 ms
172.67.237.172,LAX,北美洲,洛杉矶,960 ms
104.19.138.69,LAX,北美洲,洛杉矶,960 ms
172.67.141.228,LAX,北美洲,洛杉矶,962 ms
104.27.203.101,LAX,北美洲,洛杉矶,962 ms
104.19.128.136,LAX,北美洲,洛杉矶,964 ms
172.67.188.176,LAX,北美洲,洛杉矶,965 ms
172.67.152.128,LAX,北美洲,洛杉矶,967 ms
104.19.129.65,LAX,北美洲,洛杉矶,968 ms
172.67.243.48,LAX,北美洲,洛杉矶,972 ms
172.67.133.49,LAX,北美洲,洛杉矶,981 ms
172.67.136.54,LAX,北美洲,洛杉矶,1001 ms
